timestep,temp_air
1,0.67
2,0.80
3,0.84
4,0.87
5,0.89
6,0.84
7,0.85
8,0.92
9,1.32
10,2.14
11,2.99
12,3.62
13,3.80
14,3.61
15,3.43
16,3.24
17,3.12
18,3.10
19,2.99
20,2.87
21,2.82
22,2.84
23,2.79
24,2.09
25,1.07
26,0.44
27,0.24
28,0.21
29,0.20
30,0.06
31,0.00
32,0.01
33,0.05
34,0.40
35,0.49
36,0.65
37,0.84
38,0.72
39,0.62
40,0.36
41,0.11
42,0.00
43,-0.07
44,-0.13
45,-0.17
46,-0.21
47,-0.45
48,-0.70
49,-0.83
50,-0.94
51,-1.00
52,-1.05
53,-0.80
54,-0.64
55,-0.52
56,-0.39
57,-0.27
58,-0.11
59,0.04
60,0.21
61,0.34
62,0.31
63,0.61
64,0.69
65,0.83
66,0.98
67,1.10
68,1.29
69,1.72
70,1.99
71,2.31
72,2.67
73,3.01
74,3.29
75,3.50
76,3.72
77,3.82
78,3.87
79,3.90
80,3.95
81,4.09
82,4.46
83,4.79
84,5.04
85,5.26
86,5.40
87,5.59
88,5.65
89,5.62
90,5.66
91,5.80
92,5.93
93,6.05
94,6.13
95,6.20
96,6.35
97,6.49
98,6.57
99,6.57
100,6.49
101,6.35
102,6.02
103,5.62
104,5.28
105,4.97
106,4.77
107,4.64
108,4.59
109,4.54
110,4.53
111,4.58
112,4.64
113,4.59
114,4.56
115,4.51
116,4.46
117,4.38
118,4.32
119,4.24
120,4.13
121,4.02
122,3.91
123,3.78
124,3.64
125,3.51
126,3.34
127,3.15
128,2.91
129,2.74
130,2.58
131,2.44
132,2.32
133,2.24
134,2.12
135,2.06
136,2.01
137,2.00
138,2.00
139,2.02
140,2.11
141,2.30
142,2.53
143,2.74
144,2.91
145,3.03
146,3.13
147,3.18
148,3.21
149,3.25
150,3.28
151,3.30
152,3.28
153,3.28
154,3.53
155,3.77
156,3.91
157,4.04
158,4.16
159,4.21
160,4.10
161,3.90
162,3.73
163,3.64
164,3.53
165,3.43
166,3.35
167,3.34
168,3.26
169,3.21
170,3.04
171,2.90
172,2.76
173,2.52
174,2.30
175,2.03
176,1.92
177,2.00
178,2.49
179,3.10
180,3.76
181,4.18
182,4.24
183,4.19
184,3.76
185,2.82
186,2.33
187,2.08
188,2.04
189,2.17
190,2.00
191,1.65
192,1.47
193,1.41
194,1.64
195,1.73
196,1.86
197,1.93
198,1.88
199,1.94
200,1.98
201,2.00
202,2.27
203,3.05
204,3.91
205,4.51
206,4.76
207,4.56
208,3.84
209,2.93
210,2.45
211,2.13
212,1.86
213,1.71
214,1.66
215,1.56
216,1.42
217,1.29
218,1.15
219,0.80
220,0.77
221,0.86
222,0.77
223,0.50
224,0.38
225,0.35
226,0.42
227,0.56
228,0.77
229,1.01
230,0.83
231,0.63
232,0.51
233,0.41
234,0.37
235,0.29
236,0.20
237,0.12
238,0.15
239,0.17
240,0.27
241,0.30
242,0.32
243,0.34
244,0.37
245,0.37
246,0.25
247,0.06
248,-0.02
249,-0.09
250,-0.20
251,-0.33
252,-0.47
253,-0.63
254,-0.83
255,-1.00
256,-1.55
257,-2.13
258,-2.32
259,-2.42
260,-2.51
261,-2.60
262,-2.76
263,-2.96
264,-3.40
265,-3.59
266,-3.64
267,-3.66
268,-3.73
269,-3.81
270,-3.87
271,-3.96
272,-4.02
273,-4.02
274,-3.71
275,-3.28
276,-2.87
277,-2.57
278,-2.38
279,-2.30
280,-2.46
281,-2.75
282,-2.90
283,-2.95
284,-2.97
285,-3.04
286,-3.20
287,-3.28
288,-3.59
289,-3.74
290,-3.71
291,-3.76
292,-3.92
293,-4.09
294,-4.09
295,-4.18
296,-4.26
297,-4.37
298,-4.22
299,-3.91
300,-3.35
301,-3.26
302,-2.86
303,-2.88
304,-3.19
305,-3.65
306,-3.90
307,-4.07
308,-4.22
309,-4.35
310,-4.45
311,-4.48
312,-4.48
313,-4.37
314,-4.12
315,-3.91
316,-3.76
317,-3.66
318,-3.58
319,-3.50
320,-3.46
321,-3.37
322,-2.85
323,-2.23
324,-1.77
325,-1.49
326,-1.38
327,-1.44
328,-1.86
329,-2.40
330,-2.80
331,-3.11
332,-3.40
333,-3.69
334,-4.00
335,-4.40
336,-4.89
337,-5.27
338,-5.68
339,-6.31
340,-6.83
341,-7.03
342,-7.17
343,-7.28
344,-7.38
345,-7.30
346,-6.50
347,-5.14
348,-3.78
349,-2.50
350,-1.72
351,-1.54
352,-1.72
353,-2.27
354,-2.55
355,-2.53
356,-2.55
357,-2.79
358,-3.14
359,-3.20
360,-3.20
361,-3.23
362,-3.24
363,-3.13
364,-3.00
365,-2.93
366,-2.90
367,-2.88
368,-2.90
369,-2.88
370,-2.63
371,-2.41
372,-2.18
373,-1.98
374,-1.92
375,-1.95
376,-2.12
377,-2.33
378,-2.38
379,-2.44
380,-2.56
381,-2.78
382,-3.11
383,-3.48
384,-3.84
385,-4.18
386,-4.43
387,-4.63
388,-4.78
389,-4.91
390,-5.05
391,-5.21
392,-5.39
393,-5.48
394,-5.24
395,-4.90
396,-4.55
397,-4.29
398,-4.20
399,-4.35
400,-4.70
401,-5.20
402,-5.47
403,-5.66
404,-5.82
405,-5.97
406,-6.14
407,-6.27
408,-6.39
409,-6.46
410,-6.50
411,-6.54
412,-6.63
413,-7.14
414,-7.41
415,-7.67
416,-7.67
417,-7.49
418,-6.86
419,-6.00
420,-5.21
421,-4.63
422,-4.41
423,-4.42
424,-4.69
425,-6.61
426,-7.77
427,-8.27
428,-8.06
429,-7.87
430,-7.88
431,-7.97
432,-8.16
433,-8.66
434,-9.03
435,-9.35
436,-9.49
437,-9.78
438,-9.74
439,-9.60
440,-9.73
441,-9.47
442,-7.95
443,-6.80
444,-5.89
445,-5.30
446,-4.81
447,-4.83
448,-5.34
449,-6.52
450,-7.16
451,-7.33
452,-7.32
453,-7.33
454,-7.12
455,-6.85
456,-6.65
457,-6.46
458,-6.13
459,-5.67
460,-5.44
461,-5.28
462,-5.18
463,-5.12
464,-5.04
465,-4.87
466,-4.43
467,-3.77
468,-2.89
469,-2.44
470,-1.68
471,-1.53
472,-1.69
473,-2.06
474,-2.35
475,-2.56
476,-2.74
477,-2.71
478,-2.71
479,-2.63
480,-2.48
481,-2.25
482,-1.86
483,-1.42
484,-1.32
485,-1.94
486,-2.58
487,-3.03
488,-3.35
489,-3.47
490,-3.29
491,-3.00
492,-2.68
493,-2.51
494,-2.51
495,-2.49
496,-2.71
497,-3.10
498,-3.26
499,-3.32
500,-3.62
501,-4.43
502,-4.40
503,-4.35
504,-4.26
505,-4.34
506,-4.25
507,-3.72
508,-3.32
509,-3.02
510,-2.74
511,-2.45
512,-2.17
513,-1.76
514,-0.82
515,-0.23
516,-0.11
517,-0.13
518,-0.17
519,-0.21
520,-0.51
521,-0.95
522,-1.22
523,-1.89
524,-2.41
525,-2.53
526,-2.42
527,-2.30
528,-2.20
529,-2.15
530,-2.16
531,-2.15
532,-2.16
533,-2.28
534,-2.13
535,-2.12
536,-2.16
537,-2.05
538,-1.65
539,-1.19
540,-0.83
541,-0.80
542,-0.76
543,-1.01
544,-1.33
545,-1.81
546,-2.19
547,-2.47
548,-2.72
549,-3.04
550,-3.43
551,-3.97
552,-4.41
553,-4.79
554,-5.15
555,-5.39
556,-5.51
557,-6.02
558,-6.11
559,-6.29
560,-6.42
561,-6.54
562,-6.41
563,-6.17
564,-5.96
565,-5.94
566,-6.11
567,-6.33
568,-6.67
569,-7.06
570,-7.24
571,-8.13
572,-8.47
573,-8.80
574,-9.16
575,-9.41
576,-9.67
577,-8.80
578,-8.55
579,-8.02
580,-7.79
581,-7.67
582,-7.69
583,-7.73
584,-7.70
585,-7.44
586,-6.84
587,-6.44
588,-6.10
589,-6.18
590,-6.23
591,-6.87
592,-8.06
593,-9.28
594,-10.06
595,-10.46
596,-10.76
597,-11.00
598,-11.22
599,-11.45
600,-11.67
601,-11.86
602,-12.05
603,-12.20
604,-12.27
605,-12.29
606,-12.34
607,-12.48
608,-12.80
609,-12.82
610,-11.95
611,-10.63
612,-9.37
613,-8.48
614,-8.04
615,-8.08
616,-8.72
617,-9.55
618,-9.78
619,-9.85
620,-9.79
621,-9.55
622,-8.01
623,-7.37
624,-7.70
625,-5.89
626,-5.53
627,-4.74
628,-3.84
629,-3.00
630,-2.22
631,-1.78
632,-1.60
633,-1.68
634,-1.36
635,-0.63
636,0.04
637,0.19
638,0.23
639,0.31
640,0.49
641,0.11
642,0.12
643,0.14
644,0.12
645,0.06
646,0.03
647,-0.04
648,-0.17
649,-0.38
650,-0.56
651,-0.62
652,-0.58
653,-0.51
654,-0.51
655,-0.67
656,-1.05
657,-1.31
658,-0.91
659,-0.24
660,0.15
661,0.28
662,0.36
663,0.40
664,0.40
665,0.34
666,0.11
667,0.00
668,-0.12
669,-0.20
670,-0.22
671,-0.26
672,-0.36
673,-0.89
674,-0.77
675,-1.69
676,-1.46
677,-1.26
678,-0.97
679,-0.61
680,0.03
681,0.56
682,0.63
683,0.65
684,0.63
685,0.56
686,0.55
687,0.61
688,0.65
689,0.65
690,0.62
691,0.65
692,0.68
693,1.03
694,1.02
695,2.05
696,2.43
697,1.54
698,1.59
699,1.62
700,3.88
701,4.19
702,5.29
703,5.75
704,6.07
705,6.33
706,6.77
707,7.03
708,7.13
709,7.63
710,7.97
711,7.95
712,7.64
713,6.20
714,5.15
715,4.53
716,4.22
717,3.85
718,3.55
719,3.21
720,2.84
721,2.49
722,2.29
723,2.15
724,1.75
725,1.03
726,0.60
727,0.53
728,0.46
729,0.41
730,0.78
731,2.60
732,3.79
733,4.54
734,4.97
735,4.55
736,4.47
737,3.91
738,3.93
739,4.00
740,3.95
741,3.96
742,3.96
743,3.95
744,4.03
745,4.03
746,3.93
747,3.84
748,3.76
749,3.67
750,3.59
751,3.52
752,3.46
753,3.47
754,3.63
755,4.05
756,4.52
757,4.48
758,4.05
759,4.04
760,3.71
761,3.70
762,4.20
763,5.26
764,6.06
765,6.73
766,6.97
767,6.60
768,5.31
769,3.87
770,2.12
771,1.33
772,0.88
773,0.52
774,0.21
775,0.03
776,-0.02
777,-0.04
778,0.08
779,0.35
780,0.44
781,0.79
782,0.45
783,0.07
784,-0.31
785,-0.56
786,-1.50
787,-1.94
788,-2.16
789,-2.26
790,-2.34
791,-2.33
792,-2.25
793,-2.29
794,-2.55
795,-2.93
796,-3.45
797,-4.48
798,-4.81
799,-5.06
800,-5.17
801,-4.76
802,-3.52
803,-2.34
804,-1.70
805,-1.53
806,-1.41
807,-1.67
808,-1.99
809,-2.23
810,-2.52
811,-2.61
812,-2.64
813,-2.71
814,-2.76
815,-2.73
816,-2.61
817,-2.44
818,-2.23
819,-2.09
820,-1.98
821,-1.77
822,-1.57
823,-1.37
824,-1.15
825,-0.75
826,-0.06
827,0.17
828,0.22
829,0.21
830,0.21
831,0.56
832,0.66
833,0.74
834,0.75
835,0.69
836,0.67
837,0.46
838,0.48
839,0.42
840,0.28
841,0.15
842,0.20
843,0.20
844,0.13
845,0.04
846,-0.10
847,-0.18
848,-0.20
849,-0.19
850,-0.06
851,0.01
852,0.01
853,0.09
854,0.21
855,0.27
856,0.33
857,0.13
858,-0.09
859,-0.31
860,-0.47
861,-0.61
862,-0.88
863,-1.21
864,-1.51
865,-1.96
866,-2.56
867,-2.65
868,-2.71
869,-2.64
870,-3.35
871,-3.80
872,-4.04
873,-3.46
874,-2.24
875,-1.31
876,-0.80
877,-0.56
878,-0.38
879,-0.10
880,-0.24
881,-0.41
882,-0.62
883,-0.79
884,-0.96
885,-1.33
886,-1.38
887,-1.39
888,-1.46
889,-1.57
890,-1.63
891,-1.64
892,-1.68
893,-1.67
894,-1.77
895,-1.71
896,-1.55
897,-1.45
898,-1.47
899,-1.40
900,-1.17
901,-0.92
902,-0.79
903,-0.70
904,-0.84
905,-1.07
906,-1.29
907,-1.46
908,-1.55
909,-1.69
910,-1.85
911,-2.03
912,-2.22
913,-2.38
914,-2.52
915,-2.65
916,-2.74
917,-2.81
918,-2.88
919,-2.94
920,-2.94
921,-2.64
922,-2.61
923,-2.51
924,-2.18
925,-2.04
926,-2.00
927,-2.19
928,-2.54
929,-2.80
930,-3.21
931,-3.26
932,-3.22
933,-3.04
934,-2.71
935,-2.74
936,-3.05
937,-3.43
938,-3.78
939,-4.31
940,-4.60
941,-4.60
942,-4.77
943,-5.01
944,-5.23
945,-5.14
946,-4.72
947,-4.15
948,-3.63
949,-3.30
950,-3.13
951,-3.21
952,-3.37
953,-3.62
954,-3.89
955,-3.96
956,-4.07
957,-4.18
958,-4.29
959,-4.47
960,-4.72
961,-5.25
962,-5.62
963,-5.91
964,-6.59
965,-7.40
966,-8.50
967,-9.10
968,-9.50
969,-9.15
970,-7.94
971,-6.65
972,-5.66
973,-4.95
974,-4.55
975,-4.53
976,-5.14
977,-6.16
978,-7.15
979,-7.56
980,-7.80
981,-7.88
982,-7.85
983,-7.87
984,-7.97
985,-8.14
986,-8.35
987,-8.58
988,-8.81
989,-9.04
990,-9.27
991,-9.52
992,-9.69
993,-9.31
994,-8.35
995,-6.98
996,-5.79
997,-4.88
998,-4.30
999,-4.11
1000,-4.46
1001,-5.27
1002,-6.19
1003,-6.70
1004,-7.08
1005,-7.44
1006,-7.90
1007,-8.33
1008,-8.78
1009,-9.20
1010,-9.45
1011,-9.67
1012,-9.87
1013,-10.06
1014,-10.26
1015,-10.42
1016,-10.50
1017,-9.80
1018,-8.44
1019,-6.65
1020,-5.43
1021,-4.67
1022,-4.38
1023,-4.37
1024,-4.53
1025,-4.96
1026,-5.44
1027,-5.95
1028,-5.70
1029,-5.80
1030,-6.30
1031,-6.53
1032,-6.77
1033,-7.07
1034,-7.38
1035,-7.09
1036,-7.01
1037,-6.90
1038,-7.35
1039,-7.98
1040,-8.31
1041,-7.84
1042,-6.61
1043,-5.48
1044,-4.75
1045,-4.49
1046,-4.11
1047,-4.05
1048,-4.36
1049,-4.59
1050,-5.24
1051,-6.54
1052,-6.23
1053,-6.11
1054,-6.82
1055,-7.14
1056,-7.58
1057,-7.65
1058,-7.46
1059,-7.35
1060,-7.30
1061,-7.46
1062,-7.58
1063,-7.72
1064,-7.67
1065,-6.99
1066,-5.66
1067,-4.21
1068,-3.02
1069,-2.45
1070,-2.39
1071,-2.71
1072,-3.08
1073,-3.34
1074,-3.87
1075,-5.44
1076,-5.80
1077,-5.93
1078,-5.99
1079,-6.04
1080,-6.00
1081,-5.78
1082,-5.43
1083,-4.65
1084,-4.08
1085,-3.64
1086,-3.23
1087,-2.89
1088,-2.58
1089,-1.92
1090,-0.92
1091,-0.11
1092,-0.01
1093,0.01
1094,-0.04
1095,-0.07
1096,-0.12
1097,-0.27
1098,-0.51
1099,-0.60
1100,-0.69
1101,-0.77
1102,-0.86
1103,-0.95
1104,-1.04
1105,-1.08
1106,-1.09
1107,-1.07
1108,-1.04
1109,-1.00
1110,-0.95
1111,-0.91
1112,-0.89
1113,-0.55
1114,-0.19
1115,-0.12
1116,-0.11
1117,-0.10
1118,-0.10
1119,-0.11
1120,-0.12
1121,-0.17
1122,-0.61
1123,-0.77
1124,-0.88
1125,-0.99
1126,-1.08
1127,-1.15
1128,-1.24
1129,-1.31
1130,-1.37
1131,-1.41
1132,-1.46
1133,-1.48
1134,-1.48
1135,-1.52
1136,-1.60
1137,-1.31
1138,-0.79
1139,-0.45
1140,-0.36
1141,-0.32
1142,-0.27
1143,-0.24
1144,-0.42
1145,-0.72
1146,-1.11
1147,-1.46
1148,-2.07
1149,-2.54
1150,-2.42
1151,-2.57
1152,-2.52
1153,-2.40
1154,-2.44
1155,-2.62
1156,-2.89
1157,-3.04
1158,-3.63
1159,-3.91
1160,-4.25
1161,-3.65
1162,-2.71
1163,-1.97
1164,-1.35
1165,-0.80
1166,-0.94
1167,-1.14
1168,-1.36
1169,-1.65
1170,-2.14
1171,-2.25
1172,-2.28
1173,-2.41
1174,-2.55
1175,-2.81
1176,-4.28
1177,-4.43
1178,-4.56
1179,-4.89
1180,-5.06
1181,-5.14
1182,-5.17
1183,-4.86
1184,-4.75
1185,-4.03
1186,-2.92
1187,-1.96
1188,-1.28
1189,-0.85
1190,-0.77
1191,-0.80
1192,-1.07
1193,-1.38
1194,-1.66
1195,-1.66
1196,-1.61
1197,-1.61
1198,-1.62
1199,-1.65
1200,-2.06
1201,-2.91
1202,-3.91
1203,-4.65
1204,-5.04
1205,-5.02
1206,-4.97
1207,-4.92
1208,-5.20
1209,-5.89
1210,-5.72
1211,-5.17
1212,-4.61
1213,-3.98
1214,-3.55
1215,-3.41
1216,-3.74
1217,-4.72
1218,-5.26
1219,-5.33
1220,-5.18
1221,-5.37
1222,-5.64
1223,-6.03
1224,-6.60
1225,-6.72
1226,-6.35
1227,-6.19
1228,-5.95
1229,-5.91
1230,-5.77
1231,-5.76
1232,-5.75
1233,-5.41
1234,-4.82
1235,-4.18
1236,-3.62
1237,-3.31
1238,-3.17
1239,-3.24
1240,-3.66
1241,-4.12
1242,-5.06
1243,-5.73
1244,-5.98
1245,-5.79
1246,-6.56
1247,-6.94
1248,-7.41
1249,-7.68
1250,-7.79
1251,-7.84
1252,-7.76
1253,-7.95
1254,-8.19
1255,-8.38
1256,-8.41
1257,-7.64
1258,-6.85
1259,-5.93
1260,-5.15
1261,-4.59
1262,-4.23
1263,-3.94
1264,-4.19
1265,-4.48
1266,-4.91
1267,-4.93
1268,-4.81
1269,-4.87
1270,-5.05
1271,-5.51
1272,-5.87
1273,-6.17
1274,-6.35
1275,-6.49
1276,-6.54
1277,-6.54
1278,-6.55
1279,-6.56
1280,-6.48
1281,-5.90
1282,-5.09
1283,-4.15
1284,-3.29
1285,-2.69
1286,-2.34
1287,-2.21
1288,-2.26
1289,-2.60
1290,-3.77
1291,-4.27
1292,-3.94
1293,-3.64
1294,-3.34
1295,-3.13
1296,-3.07
1297,-3.28
1298,-3.56
1299,-3.78
1300,-3.92
1301,-3.97
1302,-3.90
1303,-3.89
1304,-3.84
1305,-3.47
1306,-2.80
1307,-1.30
1308,-0.63
1309,-0.42
1310,-0.25
1311,-0.19
1312,-0.16
1313,-0.28
1314,-1.06
1315,-1.41
1316,-1.56
1317,-1.76
1318,-1.99
1319,-2.20
1320,-2.55
1321,-3.40
1322,-4.06
1323,-4.68
1324,-4.61
1325,-5.00
1326,-5.47
1327,-5.80
1328,-6.05
1329,-5.05
1330,-2.95
1331,-1.53
1332,-0.84
1333,-0.52
1334,-0.24
1335,0.04
1336,0.13
1337,0.05
1338,-0.78
1339,-1.47
1340,-1.51
1341,-1.43
1342,-1.56
1343,-1.49
1344,-1.87
1345,-2.15
1346,-1.87
1347,-1.76
1348,-2.04
1349,-2.16
1350,-2.50
1351,-4.36
1352,-4.69
1353,-3.63
1354,-1.95
1355,-0.75
1356,-0.52
1357,-0.40
1358,-0.35
1359,-0.30
1360,-0.20
1361,-0.08
1362,-0.40
1363,-0.46
1364,-0.35
1365,-0.22
1366,-0.08
1367,-0.06
1368,-0.05
1369,-0.01
1370,0.06
1371,0.06
1372,0.05
1373,0.01
1374,-0.01
1375,-0.02
1376,0.00
1377,0.04
1378,0.06
1379,0.08
1380,0.11
1381,0.17
1382,0.15
1383,0.14
1384,0.13
1385,0.14
1386,0.13
1387,0.06
1388,-0.02
1389,-0.04
1390,-0.01
1391,-0.01
1392,-0.03
1393,-0.09
1394,-0.13
1395,-0.18
1396,-0.24
1397,-0.31
1398,-0.39
1399,-0.46
1400,-0.51
1401,-0.38
1402,-0.32
1403,-0.29
1404,0.06
1405,0.30
1406,0.35
1407,-0.01
1408,-0.04
1409,-0.07
1410,-0.19
1411,-0.34
1412,-0.40
1413,-0.46
1414,-0.52
1415,-0.63
1416,-0.78
1417,-0.90
1418,-0.99
1419,-1.09
1420,-1.16
1421,-1.24
1422,-2.22
1423,-2.71
1424,-2.78
1425,-2.05
1426,-0.91
1427,-0.49
1428,-0.04
1429,0.21
1430,0.14
1431,0.24
1432,0.72
1433,0.54
1434,0.04
1435,-0.09
1436,-0.23
1437,-0.39
1438,-0.69
1439,-1.06
1440,-1.29
1441,-1.49
1442,-1.64
1443,-1.77
1444,-1.91
1445,-2.04
1446,-2.12
1447,-2.18
1448,-2.63
1449,-2.26
1450,-1.60
1451,-0.99
1452,0.06
1453,0.97
1454,1.27
1455,1.20
1456,0.82
1457,0.12
1458,-0.05
1459,-0.66
1460,-1.42
1461,-1.67
1462,-1.79
1463,-1.88
1464,-2.10
1465,-2.37
1466,-2.57
1467,-2.72
1468,-2.85
1469,-2.97
1470,-3.10
1471,-3.18
1472,-3.28
1473,-2.35
1474,-1.16
1475,-0.42
1476,1.43
1477,1.96
1478,1.91
1479,1.84
1480,1.99
1481,1.24
1482,0.24
1483,-0.10
1484,-0.86
1485,-1.33
1486,-1.60
1487,-1.86
1488,-2.18
1489,-2.60
1490,-3.00
1491,-3.34
1492,-3.62
1493,-3.82
1494,-3.98
1495,-4.15
1496,-4.09
1497,-2.97
1498,-1.44
1499,-0.37
1500,1.28
1501,2.31
1502,2.78
1503,2.79
1504,2.73
1505,1.53
1506,0.49
1507,0.14
1508,-0.50
1509,-0.89
1510,-1.13
1511,-1.36
1512,-1.64
1513,-1.98
1514,-2.28
1515,-2.48
1516,-2.62
1517,-2.74
1518,-2.83
1519,-2.91
1520,-2.68
1521,-1.49
1522,-0.03
1523,1.85
1524,3.57
1525,4.67
1526,6.22
1527,6.50
1528,5.95
1529,4.19
1530,2.10
1531,1.20
1532,0.93
1533,0.72
1534,0.48
1535,0.24
1536,0.13
1537,0.07
1538,-0.02
1539,-0.11
1540,-0.22
1541,-0.36
1542,-0.54
1543,-0.73
1544,-0.58
1545,0.22
1546,1.38
1547,3.64
1548,5.35
1549,7.15
1550,7.83
1551,7.87
1552,7.19
1553,5.60
1554,4.03
1555,3.11
1556,2.50
1557,2.13
1558,1.85
1559,1.66
1560,1.56
1561,1.44
1562,1.39
1563,1.33
1564,1.24
1565,1.22
1566,1.25
1567,1.32
1568,1.37
1569,2.34
1570,4.37
1571,6.23
1572,8.22
1573,9.57
1574,9.65
1575,9.65
1576,9.84
1577,9.12
1578,8.12
1579,7.22
1580,6.64
1581,6.18
1582,5.80
1583,5.46
1584,5.22
1585,5.09
1586,5.09
1587,5.08
1588,5.00
1589,5.00
1590,4.98
1591,4.92
1592,4.93
1593,5.12
1594,5.84
1595,7.41
1596,8.63
1597,9.32
1598,9.63
1599,9.89
1600,10.02
1601,9.54
1602,8.49
1603,7.76
1604,7.41
1605,7.18
1606,6.90
1607,6.68
1608,6.54
1609,6.47
1610,6.42
1611,6.38
1612,6.33
1613,6.31
1614,6.30
1615,6.26
1616,6.28
1617,6.39
1618,6.67
1619,7.23
1620,8.35
1621,8.99
1622,8.51
1623,7.64
1624,7.21
1625,7.16
1626,7.28
1627,6.65
1628,6.11
1629,5.71
1630,6.02
1631,6.00
1632,5.81
1633,5.48
1634,5.29
1635,5.50
1636,5.51
1637,5.47
1638,5.47
1639,5.61
1640,5.73
1641,5.92
1642,6.05
1643,6.09
1644,5.99
1645,6.08
1646,6.15
1647,6.24
1648,6.54
1649,6.19
1650,6.03
1651,5.78
1652,5.61
1653,5.50
1654,5.37
1655,5.22
1656,5.07
1657,4.90
1658,4.71
1659,4.53
1660,4.38
1661,4.28
1662,4.19
1663,3.91
1664,3.46
1665,4.54
1666,5.93
1667,7.34
1668,7.79
1669,7.66
1670,8.03
1671,7.42
1672,7.09
1673,6.86
1674,6.56
1675,6.22
1676,6.21
1677,6.07
1678,5.90
1679,5.61
1680,5.05
1681,4.48
1682,4.43
1683,4.59
1684,4.53
1685,4.43
1686,4.23
1687,4.05
1688,4.24
1689,5.10
1690,5.80
1691,6.35
1692,7.16
1693,7.65
1694,7.72
1695,7.37
1696,7.26
1697,6.66
1698,6.12
1699,5.43
1700,4.76
1701,3.81
1702,2.53
1703,1.22
1704,0.10
1705,-0.70
1706,-1.05
1707,-1.52
1708,-2.46
1709,-2.90
1710,-3.21
1711,-3.49
1712,-3.62
1713,-3.52
1714,-3.17
1715,-2.82
1716,-2.34
1717,-2.10
1718,-2.04
1719,-2.07
1720,-2.20
1721,-2.72
1722,-3.40
1723,-4.13
1724,-4.69
1725,-5.26
1726,-5.64
1727,-6.04
1728,-6.26
1729,-6.39
1730,-6.51
1731,-6.66
1732,-6.88
1733,-7.03
1734,-7.22
1735,-7.50
1736,-7.38
1737,-6.78
1738,-5.84
1739,-4.85
1740,-4.26
1741,-4.06
1742,-4.47
1743,-4.38
1744,-4.70
1745,-5.09
1746,-5.86
1747,-6.51
1748,-6.79
1749,-6.99
1750,-7.06
1751,-7.62
1752,-7.32
1753,-7.35
1754,-7.45
1755,-8.09
1756,-8.46
1757,-8.85
1758,-9.18
1759,-9.45
1760,-8.95
1761,-7.59
1762,-5.85
1763,-4.48
1764,-3.51
1765,-2.87
1766,-2.50
1767,-2.34
1768,-2.56
1769,-3.06
1770,-3.45
1771,-4.37
1772,-5.14
1773,-5.70
1774,-6.11
1775,-6.48
1776,-6.82
1777,-7.13
1778,-7.40
1779,-7.63
1780,-7.83
1781,-8.03
1782,-8.23
1783,-8.42
1784,-7.76
1785,-5.87
1786,-3.87
1787,-2.27
1788,-1.19
1789,0.18
1790,0.93
1791,1.06
1792,0.71
1793,-0.08
1794,-0.83
1795,-1.83
1796,-2.35
1797,-2.88
1798,-3.23
1799,-3.43
1800,-3.60
1801,-3.64
1802,-3.47
1803,-3.26
1804,-3.11
1805,-2.90
1806,-2.69
1807,-2.56
1808,-1.97
1809,-1.07
1810,0.28
1811,1.87
1812,2.90
1813,4.51
1814,5.20
1815,5.06
1816,4.34
1817,2.99
1818,1.68
1819,0.56
1820,0.20
1821,0.12
1822,0.05
1823,0.02
1824,0.10
1825,0.17
1826,0.20
1827,0.17
1828,0.04
1829,-0.09
1830,-0.21
1831,-0.20
1832,-0.04
1833,0.19
1834,0.14
1835,0.13
1836,0.14
1837,1.44
1838,2.42
1839,2.54
1840,2.43
1841,2.06
1842,1.54
1843,1.03
1844,0.87
1845,0.80
1846,0.72
1847,0.44
1848,0.25
1849,0.18
1850,0.22
1851,0.12
1852,0.11
1853,0.17
1854,0.13
1855,0.05
1856,0.04
1857,0.07
1858,0.96
1859,1.51
1860,1.78
1861,2.70
1862,2.60
1863,2.09
1864,2.98
1865,2.19
1866,1.70
1867,1.35
1868,0.47
1869,0.30
1870,-0.03
1871,-0.64
1872,-0.85
1873,-0.75
1874,-0.79
1875,-0.76
1876,-0.64
1877,-0.49
1878,-0.30
1879,-0.14
1880,0.09
1881,0.30
1882,1.39
1883,2.62
1884,3.97
1885,5.25
1886,3.72
1887,3.98
1888,4.29
1889,3.63
1890,3.33
1891,2.78
1892,2.66
1893,2.39
1894,2.18
1895,2.07
1896,1.62
1897,0.95
1898,0.39
1899,0.18
1900,0.15
1901,0.20
1902,0.51
1903,0.59
1904,1.09
1905,2.20
1906,3.12
1907,3.53
1908,4.65
1909,4.94
1910,4.49
1911,3.70
1912,3.32
1913,3.32
1914,2.76
1915,2.06
1916,1.62
1917,1.28
1918,0.90
1919,0.54
1920,0.28
1921,0.08
1922,-0.04
1923,-0.07
1924,-0.10
1925,-0.14
1926,-0.16
1927,-0.18
1928,-0.15
1929,0.26
1930,2.05
1931,3.19
1932,3.17
1933,3.51
1934,3.65
1935,3.95
1936,4.09
1937,3.32
1938,2.12
1939,0.61
1940,0.29
1941,-0.11
1942,-0.66
1943,-0.96
1944,-1.11
1945,-1.11
1946,-1.12
1947,-1.19
1948,-1.31
1949,-1.46
1950,-1.67
1951,-1.90
1952,-1.91
1953,-1.72
1954,-1.34
1955,-0.89
1956,-0.58
1957,0.12
1958,0.18
1959,0.20
1960,-0.14
1961,-0.16
1962,-0.19
1963,-0.24
1964,-0.36
1965,-0.61
1966,-0.90
1967,-1.17
1968,-1.44
1969,-1.76
1970,-2.20
1971,-2.77
1972,-3.25
1973,-3.60
1974,-3.89
1975,-4.12
1976,-3.96
1977,-3.35
1978,-2.28
1979,-1.13
1980,-0.41
1981,-0.42
1982,0.86
1983,1.00
1984,0.99
1985,0.54
1986,-0.17
1987,-0.31
1988,-0.78
1989,-1.52
1990,-2.09
1991,-2.55
1992,-3.01
1993,-3.60
1994,-4.15
1995,-4.61
1996,-4.93
1997,-5.08
1998,-5.12
1999,-5.16
2000,-4.96
2001,-4.43
2002,-3.34
2003,-1.97
2004,-1.10
2005,-0.76
2006,0.06
2007,0.18
2008,-0.15
2009,-0.56
2010,-0.73
2011,-1.64
2012,-2.34
2013,-2.96
2014,-3.45
2015,-3.79
2016,-4.04
2017,-4.23
2018,-4.41
2019,-4.58
2020,-4.81
2021,-5.01
2022,-5.26
2023,-5.44
2024,-5.21
2025,-4.59
2026,-3.79
2027,-2.90
2028,-2.24
2029,-1.45
2030,-1.14
2031,-0.52
2032,-0.71
2033,-0.65
2034,-1.08
2035,-1.76
2036,-2.26
2037,-2.87
2038,-3.56
2039,-4.19
2040,-4.63
2041,-4.96
2042,-5.23
2043,-5.45
2044,-5.66
2045,-5.87
2046,-6.24
2047,-6.40
2048,-5.76
2049,-4.51
2050,-2.98
2051,-1.59
2052,-0.24
2053,0.72
2054,1.59
2055,1.62
2056,1.68
2057,1.14
2058,0.22
2059,-0.11
2060,-0.65
2061,-1.25
2062,-1.58
2063,-1.90
2064,-2.26
2065,-2.55
2066,-2.71
2067,-2.75
2068,-2.41
2069,-2.30
2070,-2.19
2071,-2.04
2072,-1.44
2073,-0.61
2074,0.92
2075,2.81
2076,4.46
2077,4.70
2078,5.09
2079,5.11
2080,5.03
2081,4.53
2082,3.69
2083,3.04
2084,2.84
2085,2.72
2086,2.68
2087,2.68
2088,2.50
2089,1.82
2090,1.29
2091,0.94
2092,0.08
2093,-0.03
2094,-0.11
2095,-0.15
2096,-0.13
2097,1.34
2098,2.77
2099,3.63
2100,3.53
2101,3.90
2102,4.05
2103,4.20
2104,4.20
2105,3.56
2106,2.93
2107,2.36
2108,1.24
2109,0.67
2110,0.54
2111,0.22
2112,0.19
2113,0.15
2114,0.06
2115,-0.04
2116,-0.14
2117,-0.26
2118,-0.39
2119,-0.52
2120,-0.50
2121,-0.43
2122,-0.50
2123,0.72
2124,2.45
2125,3.73
2126,4.18
2127,4.05
2128,3.96
2129,3.43
2130,2.68
2131,1.77
2132,0.98
2133,-0.03
2134,-0.31
2135,-0.46
2136,-0.76
2137,-1.06
2138,-1.25
2139,-1.40
2140,-1.60
2141,-1.83
2142,-2.22
2143,-2.51
2144,-2.56
2145,-2.38
2146,-1.81
2147,-1.45
2148,-0.40
2149,-0.14
2150,-0.18
2151,-0.19
2152,-0.02
2153,-0.30
2154,-0.48
2155,-0.60
2156,-0.89
2157,-1.17
2158,-1.30
2159,-1.44
2160,-1.67
2161,-1.89
2162,-2.02
2163,-2.19
2164,-2.39
2165,-2.61
2166,-2.83
2167,-3.14
2168,-2.71
2169,-1.94
2170,-1.71
2171,-1.38
2172,-1.23
2173,-0.98
2174,-0.32
2175,-0.06
2176,-0.09
2177,-0.15
2178,-0.27
2179,-0.79
2180,-1.51
2181,-1.88
2182,-2.17
2183,-2.42
2184,-2.70
2185,-3.02
2186,-3.21
2187,-3.45
2188,-3.75
2189,-3.95
2190,-4.04
2191,-3.69
2192,-2.91
2193,-1.83
2194,-0.79
2195,0.74
2196,1.60
2197,2.37
2198,2.92
2199,2.89
2200,2.26
2201,1.30
2202,0.34
2203,-0.12
2204,-0.27
2205,-0.60
2206,-0.90
2207,-1.01
2208,-1.14
2209,-1.33
2210,-1.52
2211,-1.73
2212,-1.94
2213,-2.18
2214,-2.50
2215,-2.57
2216,-2.26
2217,-1.76
2218,-1.04
2219,0.54
2220,1.56
2221,2.56
2222,2.55
2223,3.01
2224,2.45
2225,2.22
2226,1.63
2227,0.48
2228,0.13
2229,-0.34
2230,-0.74
2231,-0.99
2232,-1.27
2233,-1.36
2234,-1.33
2235,-1.35
2236,-1.48
2237,-1.76
2238,-2.21
2239,-2.28
2240,-1.45
2241,-0.52
2242,1.43
2243,3.06
2244,4.90
2245,6.11
2246,6.81
2247,7.19
2248,7.01
2249,6.22
2250,4.82
2251,3.16
2252,2.04
2253,1.14
2254,0.35
2255,0.08
2256,-0.24
2257,-0.69
2258,-0.97
2259,-1.09
2260,-1.15
2261,-1.19
2262,-1.30
2263,-1.19
2264,-0.78
2265,-0.43
2266,1.02
2267,1.86
2268,3.16
2269,5.06
2270,6.26
2271,6.91
2272,6.88
2273,6.56
2274,5.84
2275,4.59
2276,3.52
2277,2.60
2278,1.75
2279,1.19
2280,0.88
2281,0.68
2282,0.64
2283,0.56
2284,0.45
2285,0.35
2286,0.25
2287,0.34
2288,0.88
2289,1.64
2290,2.67
2291,4.10
2292,4.95
2293,6.21
2294,5.10
2295,4.54
2296,4.36
2297,4.09
2298,3.67
2299,3.17
2300,2.34
2301,1.83
2302,1.54
2303,1.14
2304,0.63
2305,0.43
2306,0.27
2307,0.12
2308,-0.04
2309,-0.15
2310,-0.21
2311,-0.12
2312,0.43
2313,1.15
2314,1.41
2315,2.07
2316,2.34
2317,2.77
2318,2.92
2319,3.41
2320,3.06
2321,2.60
2322,2.15
2323,1.66
2324,1.28
2325,1.00
2326,0.65
2327,0.09
2328,-0.51
2329,-1.30
2330,-1.71
2331,-1.95
2332,-2.13
2333,-2.40
2334,-2.65
2335,-2.44
2336,-1.59
2337,-0.59
2338,1.00
2339,2.43
2340,4.42
2341,5.82
2342,6.70
2343,7.16
2344,6.83
2345,5.98
2346,5.36
2347,4.54
2348,4.12
2349,3.89
2350,3.78
2351,3.78
2352,3.84
2353,3.65
2354,3.14
2355,3.40
2356,3.70
2357,3.93
2358,3.99
2359,4.44
2360,4.76
2361,5.77
2362,7.28
2363,8.22
2364,8.38
2365,8.21
2366,8.46
2367,6.91
2368,7.01
2369,7.10
2370,6.51
2371,5.72
2372,4.92
2373,4.55
2374,4.26
2375,4.23
2376,4.36
2377,4.52
2378,4.53
2379,4.59
2380,4.75
2381,4.83
2382,4.63
2383,4.42
2384,4.58
2385,5.15
2386,5.57
2387,5.65
2388,5.97
2389,6.51
2390,6.77
2391,6.27
2392,6.32
2393,6.35
2394,5.92
2395,5.49
2396,5.26
2397,5.14
2398,5.05
2399,4.90
2400,4.47
2401,3.77
2402,3.59
2403,3.55
2404,3.70
2405,3.90
2406,4.09
2407,4.44
2408,4.68
2409,5.05
2410,5.32
2411,5.90
2412,7.07
2413,8.55
2414,9.50
2415,9.56
2416,9.50
2417,10.06
2418,9.74
2419,9.14
2420,8.72
2421,8.48
2422,8.43
2423,8.52
2424,8.50
2425,8.32
2426,8.16
2427,8.10
2428,8.18
2429,8.20
2430,7.89
2431,7.92
2432,8.33
2433,8.14
2434,7.80
2435,9.19
2436,10.09
2437,11.15
2438,10.03
2439,9.77
2440,8.99
2441,9.06
2442,8.43
2443,7.98
2444,7.58
2445,7.20
2446,6.89
2447,6.67
2448,6.57
2449,6.47
2450,6.41
2451,6.27
2452,6.04
2453,5.95
2454,5.90
2455,5.96
2456,6.10
2457,6.97
2458,7.60
2459,7.37
2460,7.59
2461,7.06
2462,7.40
2463,7.05
2464,8.04
2465,8.56
2466,8.08
2467,7.50
2468,7.10
2469,6.44
2470,6.55
2471,6.48
2472,6.59
2473,6.71
2474,6.87
2475,7.09
2476,7.27
2477,7.44
2478,7.51
2479,7.75
2480,8.45
2481,9.38
2482,10.10
2483,10.86
2484,11.83
2485,12.24
2486,12.76
2487,13.11
2488,13.17
2489,13.25
2490,12.99
2491,11.72
2492,10.64
2493,9.99
2494,9.52
2495,9.11
2496,8.78
2497,8.46
2498,8.17
2499,7.93
2500,7.65
2501,7.48
2502,7.08
2503,7.58
2504,9.45
2505,11.76
2506,14.01
2507,15.93
2508,17.34
2509,18.05
2510,18.33
2511,18.02
2512,17.62
2513,17.01
2514,15.84
2515,14.29
2516,13.14
2517,12.60
2518,12.22
2519,11.99
2520,11.94
2521,11.79
2522,11.64
2523,11.50
2524,11.38
2525,11.49
2526,10.50
2527,10.59
2528,11.22
2529,11.68
2530,12.16
2531,13.36
2532,14.04
2533,15.68
2534,16.55
2535,15.86
2536,16.17
2537,14.70
2538,14.32
2539,12.87
2540,12.29
2541,12.21
2542,12.04
2543,11.85
2544,11.48
2545,11.02
2546,10.43
2547,9.82
2548,9.36
2549,8.95
2550,8.68
2551,9.11
2552,10.81
2553,12.85
2554,14.74
2555,16.18
2556,16.78
2557,17.46
2558,17.71
2559,17.85
2560,17.40
2561,16.91
2562,15.60
2563,13.85
2564,12.54
2565,11.65
2566,10.93
2567,10.25
2568,9.66
2569,9.16
2570,8.81
2571,8.51
2572,8.30
2573,8.19
2574,8.38
2575,9.44
2576,11.54
2577,13.73
2578,15.22
2579,15.16
2580,15.99
2581,14.87
2582,14.84
2583,14.46
2584,12.14
2585,11.01
2586,10.69
2587,9.74
2588,8.86
2589,7.88
2590,6.82
2591,6.08
2592,5.52
2593,5.40
2594,5.47
2595,5.37
2596,5.29
2597,5.21
2598,5.14
2599,5.66
2600,6.51
2601,7.37
2602,8.35
2603,9.52
2604,11.32
2605,11.46
2606,11.62
2607,11.52
2608,10.44
2609,9.69
2610,9.14
2611,8.48
2612,7.78
2613,7.35
2614,6.96
2615,6.60
2616,6.23
2617,5.89
2618,5.60
2619,5.38
2620,5.16
2621,4.88
2622,4.60
2623,4.58
2624,4.75
2625,4.99
2626,5.47
2627,6.13
2628,6.47
2629,6.46
2630,6.57
2631,6.86
2632,7.00
2633,7.04
2634,7.07
2635,6.95
2636,6.76
2637,6.62
2638,6.47
2639,6.36
2640,6.32
2641,6.29
2642,6.09
2643,5.73
2644,5.18
2645,4.77
2646,4.63
2647,5.03
2648,5.68
2649,6.63
2650,7.31
2651,8.30
2652,9.04
2653,9.79
2654,10.70
2655,11.74
2656,11.77
2657,11.03
2658,10.27
2659,9.30
2660,7.91
2661,6.98
2662,6.31
2663,5.83
2664,5.45
2665,5.17
2666,5.07
2667,5.12
2668,5.22
2669,5.41
2670,5.69
2671,6.57
2672,7.79
2673,8.47
2674,8.97
2675,9.31
2676,9.74
2677,10.20
2678,11.42
2679,11.20
2680,11.11
2681,11.41
2682,10.82
2683,10.07
2684,8.80
2685,8.10
2686,7.69
2687,7.40
2688,7.20
2689,6.92
2690,6.40
2691,6.04
2692,5.72
2693,5.46
2694,5.24
2695,6.00
2696,8.02
2697,10.00
2698,11.60
2699,13.00
2700,14.18
2701,15.03
2702,15.43
2703,15.33
2704,14.96
2705,14.30
2706,13.15
2707,11.49
2708,10.20
2709,9.46
2710,8.73
2711,7.92
2712,7.19
2713,6.75
2714,6.44
2715,6.35
2716,6.32
2717,6.15
2718,5.87
2719,6.68
2720,8.60
2721,10.66
2722,12.52
2723,14.40
2724,16.10
2725,16.58
2726,17.32
2727,17.42
2728,17.52
2729,16.79
2730,15.65
2731,14.02
2732,12.71
2733,11.79
2734,11.09
2735,10.44
2736,10.03
2737,9.78
2738,9.58
2739,9.37
2740,9.23
2741,8.96
2742,8.65
2743,9.33
2744,11.02
2745,13.02
2746,15.13
2747,17.05
2748,18.63
2749,19.63
2750,20.27
2751,20.47
2752,20.17
2753,19.50
2754,18.18
2755,16.43
2756,14.92
2757,13.90
2758,13.10
2759,12.40
2760,11.75
2761,11.28
2762,10.84
2763,10.53
2764,10.14
2765,9.92
2766,9.72
2767,10.95
2768,12.41
2769,14.18
2770,15.51
2771,16.45
2772,17.44
2773,18.16
2774,18.34
2775,18.07
2776,17.27
2777,16.44
2778,15.10
2779,14.42
2780,14.02
2781,13.83
2782,13.54
2783,13.21
2784,12.92
2785,12.79
2786,12.76
2787,12.71
2788,12.64
2789,12.59
2790,12.56
2791,11.92
2792,9.59
2793,7.48
2794,6.32
2795,5.81
2796,5.79
2797,5.74
2798,5.41
2799,5.07
2800,4.73
2801,4.43
2802,4.19
2803,3.92
2804,3.74
2805,3.57
2806,3.43
2807,3.35
2808,3.21
2809,3.04
2810,2.99
2811,2.99
2812,2.96
2813,2.88
2814,2.83
2815,2.95
2816,3.34
2817,4.07
2818,4.92
2819,5.94
2820,6.91
2821,7.65
2822,8.10
2823,8.46
2824,8.71
2825,8.78
2826,8.61
2827,8.31
2828,7.99
2829,7.90
2830,7.87
2831,7.45
2832,7.19
2833,7.04
2834,6.96
2835,6.90
2836,6.85
2837,6.80
2838,6.78
2839,7.12
2840,7.58
2841,8.19
2842,9.16
2843,10.32
2844,10.43
2845,11.61
2846,11.72
2847,11.75
2848,12.06
2849,11.79
2850,11.64
2851,11.37
2852,10.74
2853,10.13
2854,9.70
2855,9.64
2856,9.44
2857,9.19
2858,8.98
2859,8.84
2860,8.72
2861,8.53
2862,8.32
2863,8.34
2864,8.46
2865,8.73
2866,8.64
2867,8.80
2868,8.58
2869,8.17
2870,7.70
2871,7.50
2872,7.34
2873,7.13
2874,6.92
2875,6.69
2876,6.52
2877,6.38
2878,6.27
2879,6.21
2880,6.16
2881,6.14
2882,6.12
2883,6.12
2884,6.16
2885,6.22
2886,6.42
2887,7.01
2888,7.37
2889,7.71
2890,8.33
2891,9.54
2892,11.33
2893,12.98
2894,14.11
2895,14.67
2896,14.07
2897,13.73
2898,13.42
2899,12.77
2900,11.81
2901,11.34
2902,10.93
2903,10.42
2904,9.86
2905,9.54
2906,9.36
2907,9.40
2908,9.47
2909,9.62
2910,9.91
2911,10.44
2912,11.13
2913,12.15
2914,13.65
2915,15.04
2916,16.37
2917,17.72
2918,17.28
2919,17.04
2920,15.83
2921,14.83
2922,14.10
2923,13.05
2924,12.41
2925,12.02
2926,11.67
2927,11.20
2928,10.95
2929,10.71
2930,10.48
2931,10.31
2932,10.24
2933,10.24
2934,10.24
2935,10.80
2936,11.80
2937,13.02
2938,14.00
2939,14.84
2940,15.97
2941,18.50
2942,17.87
2943,15.51
2944,14.81
2945,12.67
2946,10.28
2947,9.41
2948,8.93
2949,8.62
2950,8.47
2951,8.43
2952,8.42
2953,8.39
2954,8.36
2955,8.32
2956,8.25
2957,8.13
2958,8.04
2959,8.00
2960,7.98
2961,7.94
2962,7.93
2963,7.95
2964,8.09
2965,8.33
2966,8.69
2967,8.99
2968,9.27
2969,9.60
2970,9.70
2971,9.56
2972,9.02
2973,8.73
2974,8.58
2975,8.52
2976,8.50
2977,8.50
2978,8.54
2979,8.48
2980,8.63
2981,8.67
2982,8.84
2983,9.63
2984,10.74
2985,12.15
2986,13.36
2987,13.53
2988,14.77
2989,13.79
2990,14.47
2991,15.01
2992,14.49
2993,14.35
2994,13.75
2995,12.92
2996,11.88
2997,11.58
2998,11.22
2999,10.87
3000,10.83
3001,11.02
3002,11.01
3003,10.88
3004,10.66
3005,10.46
3006,10.41
3007,10.77
3008,11.64
3009,12.74
3010,13.68
3011,14.39
3012,14.82
3013,15.53
3014,15.39
3015,14.62
3016,15.00
3017,14.21
3018,13.70
3019,12.99
3020,12.04
3021,11.73
3022,11.67
3023,11.56
3024,11.46
3025,11.35
3026,11.24
3027,11.14
3028,11.08
3029,11.07
3030,11.07
3031,11.12
3032,11.33
3033,11.62
3034,11.76
3035,12.04
3036,12.29
3037,12.61
3038,12.97
3039,13.31
3040,13.99
3041,14.24
3042,14.12
3043,13.68
3044,13.08
3045,12.87
3046,12.83
3047,12.72
3048,12.53
3049,12.07
3050,11.57
3051,11.18
3052,10.93
3053,10.90
3054,11.10
3055,12.00
3056,13.39
3057,14.52
3058,15.43
3059,15.84
3060,17.12
3061,18.41
3062,19.39
3063,18.44
3064,16.79
3065,16.91
3066,17.04
3067,15.69
3068,15.02
3069,14.62
3070,14.28
3071,13.53
3072,13.12
3073,12.93
3074,12.79
3075,12.83
3076,12.74
3077,12.64
3078,12.67
3079,12.81
3080,12.99
3081,13.48
3082,14.26
3083,15.25
3084,15.95
3085,16.29
3086,16.52
3087,17.25
3088,16.17
3089,16.36
3090,15.95
3091,15.09
3092,14.19
3093,13.63
3094,12.97
3095,12.35
3096,11.69
3097,10.93
3098,10.40
3099,10.07
3100,9.80
3101,9.46
3102,9.00
3103,8.64
3104,8.49
3105,8.63
3106,8.93
3107,9.67
3108,10.18
3109,10.95
3110,11.30
3111,11.15
3112,10.84
3113,10.58
3114,10.62
3115,10.04
3116,9.26
3117,8.86
3118,8.76
3119,8.76
3120,8.80
3121,8.80
3122,8.92
3123,8.90
3124,8.80
3125,8.70
3126,8.70
3127,8.97
3128,9.00
3129,9.40
3130,10.41
3131,10.51
3132,10.48
3133,12.10
3134,11.64
3135,11.86
3136,11.78
3137,11.18
3138,10.76
3139,10.47
3140,9.89
3141,9.40
3142,9.15
3143,8.79
3144,8.46
3145,8.26
3146,8.13
3147,7.60
3148,7.33
3149,7.19
3150,6.98
3151,7.35
3152,8.32
3153,9.50
3154,8.79
3155,8.98
3156,8.69
3157,7.70
3158,8.00
3159,7.77
3160,6.43
3161,6.24
3162,6.33
3163,6.07
3164,5.19
3165,4.67
3166,5.16
3167,5.23
3168,5.29
3169,5.40
3170,5.49
3171,4.85
3172,4.28
3173,3.97
3174,4.81
3175,5.46
3176,6.07
3177,6.47
3178,6.92
3179,7.33
3180,7.87
3181,8.21
3182,8.26
3183,8.20
3184,8.33
3185,8.64
3186,8.92
3187,9.08
3188,8.71
3189,8.46
3190,8.38
3191,8.32
3192,8.28
3193,8.23
3194,8.17
3195,8.13
3196,8.10
3197,8.06
3198,8.15
3199,8.41
3200,8.76
3201,9.33
3202,10.09
3203,11.26
3204,13.27
3205,13.22
3206,13.16
3207,12.92
3208,13.48
3209,14.22
3210,14.05
3211,13.16
3212,11.93
3213,10.88
3214,10.28
3215,9.67
3216,9.22
3217,8.83
3218,8.36
3219,7.92
3220,7.63
3221,7.51
3222,7.96
3223,9.69
3224,11.67
3225,13.23
3226,15.08
3227,16.86
3228,18.28
3229,19.22
3230,19.74
3231,19.58
3232,19.38
3233,19.17
3234,18.53
3235,16.71
3236,15.27
3237,13.91
3238,12.80
3239,12.10
3240,11.63
3241,11.35
3242,11.08
3243,11.00
3244,10.98
3245,11.05
3246,11.55
3247,12.24
3248,13.24
3249,14.20
3250,15.18
3251,17.35
3252,18.94
3253,17.42
3254,16.75
3255,16.51
3256,17.15
3257,17.05
3258,17.06
3259,16.33
3260,15.42
3261,14.71
3262,14.17
3263,13.74
3264,13.33
3265,12.73
3266,10.56
3267,9.27
3268,8.82
3269,8.50
3270,8.26
3271,8.05
3272,7.91
3273,7.85
3274,7.90
3275,8.01
3276,8.13
3277,8.33
3278,8.57
3279,8.87
3280,9.28
3281,9.58
3282,9.55
3283,9.44
3284,9.27
3285,9.14
3286,9.06
3287,8.99
3288,8.93
3289,8.86
3290,8.74
3291,8.40
3292,8.18
3293,7.93
3294,8.26
3295,9.38
3296,10.94
3297,12.57
3298,14.23
3299,15.61
3300,16.60
3301,17.70
3302,18.31
3303,18.35
3304,18.01
3305,17.60
3306,16.84
3307,15.44
3308,14.01
3309,13.05
3310,12.52
3311,12.12
3312,11.73
3313,11.22
3314,10.86
3315,10.85
3316,10.73
3317,10.83
3318,11.20
3319,11.12
3320,10.47
3321,10.18
3322,10.15
3323,9.97
3324,10.03
3325,9.85
3326,9.36
3327,8.95
3328,8.85
3329,8.97
3330,9.63
3331,9.72
3332,9.43
3333,9.02
3334,8.73
3335,8.50
3336,8.47
3337,8.62
3338,8.52
3339,8.24
3340,8.00
3341,7.85
3342,8.26
3343,9.40
3344,10.77
3345,11.56
3346,11.90
3347,12.11
3348,12.56
3349,12.45
3350,12.62
3351,12.04
3352,11.47
3353,11.12
3354,10.85
3355,10.48
3356,10.20
3357,10.03
3358,9.91
3359,9.76
3360,9.58
3361,9.40
3362,9.24
3363,9.09
3364,8.95
3365,8.82
3366,8.90
3367,9.09
3368,9.28
3369,9.30
3370,9.70
3371,10.25
3372,10.53
3373,11.29
3374,11.53
3375,11.19
3376,11.34
3377,11.05
3378,10.87
3379,10.45
3380,9.94
3381,9.69
3382,9.50
3383,9.36
3384,9.25
3385,9.11
3386,8.97
3387,8.87
3388,8.80
3389,8.76
3390,8.78
3391,8.96
3392,9.30
3393,9.19
3394,8.64
3395,8.04
3396,7.78
3397,7.85
3398,7.49
3399,7.74
3400,8.20
3401,7.90
3402,7.41
3403,7.01
3404,6.56
3405,5.99
3406,5.53
3407,5.22
3408,4.98
3409,4.76
3410,4.50
3411,4.33
3412,4.12
3413,3.96
3414,3.94
3415,4.22
3416,4.77
3417,5.28
3418,6.19
3419,7.01
3420,7.70
3421,8.66
3422,9.65
3423,8.27
3424,7.05
3425,6.72
3426,6.62
3427,6.01
3428,5.22
3429,4.48
3430,3.86
3431,3.47
3432,3.01
3433,2.58
3434,2.44
3435,2.23
3436,2.03
3437,2.03
3438,2.19
3439,2.91
3440,3.10
3441,3.44
3442,4.09
3443,4.56
3444,4.97
3445,5.17
3446,5.25
3447,5.58
3448,5.45
3449,6.11
3450,5.91
3451,5.68
3452,5.26
3453,5.04
3454,4.91
3455,4.74
3456,4.59
3457,4.46
3458,4.33
3459,4.20
3460,4.04
3461,3.93
3462,4.23
3463,4.59
3464,5.31
3465,6.49
3466,7.41
3467,8.23
3468,9.51
3469,9.99
3470,10.20
3471,10.78
3472,10.80
3473,10.17
3474,9.41
3475,8.43
3476,7.73
3477,7.36
3478,7.12
3479,6.85
3480,6.40
3481,6.02
3482,5.76
3483,5.60
3484,5.37
3485,5.14
3486,5.09
3487,5.16
3488,5.29
3489,5.33
3490,5.30
3491,5.37
3492,5.47
3493,5.64
3494,5.89
3495,6.21
3496,6.61
3497,6.84
3498,7.01
3499,7.12
3500,7.16
3501,7.17
3502,7.19
3503,7.19
3504,7.17
3505,7.10
3506,6.98
3507,6.83
3508,6.67
3509,6.55
3510,6.53
3511,6.64
3512,6.95
3513,7.49
3514,8.12
3515,9.26
3516,10.07
3517,11.21
3518,12.11
3519,12.72
3520,12.66
3521,12.42
3522,12.01
3523,11.69
3524,11.22
3525,10.98
3526,10.91
3527,10.56
3528,9.02
3529,8.05
3530,7.45
3531,7.00
3532,6.75
3533,6.64
3534,7.37
3535,9.00
3536,11.08
3537,13.01
3538,14.64
3539,16.06
3540,17.10
3541,17.86
3542,18.12
3543,18.03
3544,18.15
3545,17.60
3546,16.01
3547,14.95
3548,13.82
3549,13.32
3550,12.89
3551,12.22
3552,11.98
3553,11.75
3554,11.52
3555,11.22
3556,10.64
3557,9.06
3558,8.11
3559,7.94
3560,7.98
3561,8.03
3562,8.06
3563,7.93
3564,7.60
3565,7.34
3566,7.63
3567,8.05
3568,8.27
3569,8.50
3570,8.56
3571,8.36
3572,8.14
3573,7.95
3574,7.86
3575,7.76
3576,7.65
3577,7.54
3578,7.45
3579,7.39
3580,7.34
3581,7.28
3582,7.41
3583,8.11
3584,8.88
3585,9.40
3586,10.11
3587,9.83
3588,11.64
3589,10.86
3590,11.29
3591,12.64
3592,12.61
3593,12.49
3594,11.60
3595,11.05
3596,10.03
3597,9.33
3598,8.89
3599,8.44
3600,8.18
3601,8.10
3602,7.89
3603,8.14
3604,8.23
3605,8.25
3606,8.33
3607,8.49
3608,8.70
3609,8.92
3610,9.20
3611,9.88
3612,10.86
3613,11.75
3614,11.91
3615,11.85
3616,12.01
3617,12.17
3618,12.28
3619,12.39
3620,12.47
3621,12.56
3622,12.64
3623,12.66
3624,12.61
3625,12.44
3626,12.18
3627,11.84
3628,11.50
3629,11.23
3630,11.03
3631,10.86
3632,10.76
3633,10.72
3634,10.76
3635,10.83
3636,10.98
3637,11.16
3638,11.29
3639,11.37
3640,11.41
3641,11.67
3642,11.68
3643,11.53
3644,11.41
3645,11.26
3646,11.08
3647,10.91
3648,10.70
3649,10.33
3650,9.78
3651,9.18
3652,8.54
3653,7.91
3654,7.28
3655,6.71
3656,6.38
3657,6.30
3658,6.65
3659,7.75
3660,8.21
3661,8.59
3662,9.40
3663,9.80
3664,10.41
3665,10.41
3666,10.06
3667,9.62
3668,8.98
3669,8.52
3670,8.21
3671,7.86
3672,7.48
3673,7.08
3674,6.73
3675,6.47
3676,6.22
3677,5.98
3678,6.15
3679,6.75
3680,7.45
3681,8.14
3682,8.76
3683,9.73
3684,10.60
3685,12.02
3686,12.76
3687,13.01
3688,12.82
3689,12.55
3690,12.04
3691,11.07
3692,9.77
3693,8.69
3694,8.16
3695,7.55
3696,6.95
3697,6.39
3698,5.97
3699,5.56
3700,5.06
3701,4.70
3702,5.27
3703,6.89
3704,8.63
3705,9.81
3706,9.84
3707,9.47
3708,9.82
3709,11.07
3710,11.03
3711,10.93
3712,10.92
3713,10.71
3714,10.26
3715,9.82
3716,9.39
3717,9.09
3718,8.90
3719,8.76
3720,8.66
3721,8.61
3722,8.57
3723,8.52
3724,8.47
3725,8.45
3726,8.64
3727,8.95
3728,9.21
3729,10.11
3730,11.66
3731,12.56
3732,13.61
3733,14.52
3734,14.54
3735,15.35
3736,15.55
3737,14.53
3738,13.98
3739,13.65
3740,12.67
3741,12.17
3742,12.02
3743,11.88
3744,11.74
3745,11.60
3746,11.45
3747,11.31
3748,11.18
3749,11.08
3750,11.09
3751,11.20
3752,11.39
3753,11.71
3754,12.10
3755,12.63
3756,13.55
3757,14.82
3758,15.63
3759,16.09
3760,15.59
3761,14.82
3762,14.95
3763,14.51
3764,13.44
3765,12.56
3766,12.19
3767,12.29
3768,12.32
3769,12.36
3770,12.39
3771,12.37
3772,12.29
3773,12.22
3774,12.45
3775,13.27
3776,13.90
3777,14.62
3778,15.40
3779,16.51
3780,17.44
3781,17.01
3782,18.69
3783,17.94
3784,18.19
3785,17.61
3786,16.86
3787,16.01
3788,14.81
3789,13.89
3790,13.40
3791,13.09
3792,12.77
3793,12.50
3794,12.41
3795,12.65
3796,12.78
3797,12.86
3798,13.22
3799,13.71
3800,14.35
3801,14.98
3802,15.41
3803,15.92
3804,17.91
3805,18.42
3806,19.86
3807,19.81
3808,19.59
3809,18.83
3810,17.87
3811,17.17
3812,16.01
3813,14.99
3814,14.39
3815,13.93
3816,13.54
3817,13.31
3818,13.08
3819,12.71
3820,12.37
3821,12.21
3822,12.85
3823,14.10
3824,15.49
3825,16.89
3826,17.91
3827,18.42
3828,18.22
3829,20.00
3830,20.18
3831,18.90
3832,19.44
3833,18.63
3834,18.26
3835,17.86
3836,17.34
3837,16.32
3838,15.74
3839,15.43
3840,14.95
3841,14.26
3842,13.67
3843,13.12
3844,12.78
3845,12.76
3846,13.29
3847,13.70
3848,13.83
3849,14.19
3850,14.69
3851,15.32
3852,15.43
3853,15.13
3854,14.79
3855,14.20
3856,13.98
3857,13.67
3858,13.24
3859,12.75
3860,12.34
3861,12.06
3862,11.93
3863,11.90
3864,11.87
3865,11.82
3866,11.45
3867,11.17
3868,11.07
3869,11.02
3870,11.26
3871,11.86
3872,12.86
3873,14.12
3874,15.10
3875,15.51
3876,14.58
3877,14.14
3878,14.12
3879,15.26
3880,14.88
3881,15.60
3882,15.24
3883,14.78
3884,13.91
3885,12.97
3886,12.42
3887,11.93
3888,11.50
3889,11.03
3890,10.55
3891,10.17
3892,9.86
3893,9.56
3894,10.16
3895,11.80
3896,13.74
3897,15.55
3898,16.96
3899,17.94
3900,18.77
3901,19.53
3902,20.03
3903,19.98
3904,19.70
3905,19.50
3906,18.08
3907,17.05
3908,15.81
3909,14.70
3910,14.14
3911,13.92
3912,13.77
3913,13.50
3914,13.24
3915,12.90
3916,12.49
3917,12.23
3918,12.78
3919,14.40
3920,16.21
3921,17.89
3922,19.33
3923,20.40
3924,21.37
3925,22.01
3926,22.72
3927,22.92
3928,22.58
3929,22.25
3930,21.52
3931,20.44
3932,19.35
3933,18.64
3934,16.98
3935,16.52
3936,15.90
3937,14.73
3938,13.36
3939,12.71
3940,12.42
3941,12.12
3942,11.60
3943,11.16
3944,11.30
3945,11.47
3946,11.47
3947,12.08
3948,12.91
3949,13.72
3950,14.22
3951,14.38
3952,14.40
3953,14.22
3954,13.93
3955,13.64
3956,12.83
3957,12.16
3958,11.84
3959,12.27
3960,12.36
3961,12.31
3962,11.41
3963,10.77
3964,10.38
3965,10.17
3966,10.72
3967,12.38
3968,14.07
3969,15.69
3970,17.15
3971,18.31
3972,19.40
3973,20.01
3974,20.38
3975,19.66
3976,19.64
3977,19.19
3978,17.58
3979,16.29
3980,15.35
3981,14.52
3982,14.02
3983,13.58
3984,12.92
3985,12.38
3986,11.96
3987,11.61
3988,11.29
3989,11.08
3990,11.64
3991,13.38
3992,15.26
3993,17.07
3994,18.37
3995,19.52
3996,20.58
3997,21.41
3998,21.95
3999,22.31
4000,22.21
4001,21.75
4002,20.83
4003,19.42
4004,17.94
4005,16.76
4006,16.02
4007,15.49
4008,15.05
4009,14.69
4010,14.33
4011,14.06
4012,13.84
4013,13.74
4014,14.39
4015,16.08
4016,17.98
4017,19.87
4018,21.76
4019,23.40
4020,24.72
4021,25.68
4022,26.23
4023,26.50
4024,26.34
4025,25.84
4026,24.86
4027,23.37
4028,22.07
4029,20.94
4030,20.22
4031,19.57
4032,19.17
4033,18.78
4034,18.44
4035,18.07
4036,17.85
4037,17.47
4038,17.88
4039,19.36
4040,21.16
4041,23.05
4042,24.73
4043,26.23
4044,27.38
4045,28.15
4046,28.60
4047,28.70
4048,28.44
4049,27.82
4050,26.61
4051,25.04
4052,23.53
4053,22.41
4054,21.69
4055,21.11
4056,20.64
4057,20.22
4058,19.79
4059,19.35
4060,19.07
4061,18.66
4062,19.08
4063,20.48
4064,22.14
4065,23.77
4066,25.28
4067,26.66
4068,27.90
4069,28.68
4070,29.24
4071,29.33
4072,29.08
4073,28.51
4074,27.48
4075,25.94
4076,24.35
4077,23.09
4078,22.20
4079,21.55
4080,20.98
4081,20.54
4082,20.16
4083,19.99
4084,19.30
4085,18.79
4086,19.27
4087,20.72
4088,22.54
4089,24.28
4090,24.45
4091,25.81
4092,26.11
4093,25.60
4094,24.72
4095,24.19
4096,24.02
4097,24.51
4098,24.21
4099,23.27
4100,21.77
4101,20.92
4102,19.72
4103,18.54
4104,16.82
4105,15.09
4106,14.69
4107,14.69
4108,14.27
4109,13.93
4110,14.61
4111,15.30
4112,16.01
4113,17.12
4114,17.92
4115,18.82
4116,19.54
4117,19.34
4118,18.96
4119,18.08
4120,17.28
4121,16.61
4122,15.98
4123,15.70
4124,14.80
4125,14.19
4126,14.09
4127,13.95
4128,13.58
4129,13.01
4130,12.61
4131,12.31
4132,12.11
4133,12.13
4134,12.85
4135,14.02
4136,15.23
4137,16.25
4138,17.50
4139,16.84
4140,18.65
4141,18.63
4142,20.34
4143,19.67
4144,20.19
4145,18.59
4146,17.99
4147,17.39
4148,16.47
4149,15.43
4150,14.83
4151,14.34
4152,14.28
4153,14.28
4154,14.30
4155,14.19
4156,14.05
4157,13.84
4158,14.16
4159,14.15
4160,13.79
4161,13.40
4162,13.50
4163,14.37
4164,14.00
4165,13.29
4166,12.93
4167,12.46
4168,13.44
4169,14.57
4170,13.62
4171,13.36
4172,12.87
4173,12.52
4174,12.20
4175,11.35
4176,10.51
4177,9.87
4178,9.42
4179,9.08
4180,8.93
4181,9.22
4182,10.20
4183,10.43
4184,10.88
4185,10.99
4186,11.12
4187,11.92
4188,12.43
4189,12.31
4190,12.37
4191,12.26
4192,12.02
4193,11.84
4194,11.27
4195,10.86
4196,10.64
4197,10.37
4198,9.61
4199,8.78
4200,8.28
4201,8.24
4202,8.40
4203,8.25
4204,8.36
4205,8.83
4206,9.16
4207,9.35
4208,9.71
4209,10.19
4210,10.56
4211,10.87
4212,11.24
4213,11.83
4214,11.44
4215,11.20
4216,11.09
4217,11.41
4218,11.06
4219,10.47
4220,9.97
4221,9.64
4222,9.38
4223,9.14
4224,8.96
4225,8.74
4226,8.63
4227,8.57
4228,8.44
4229,8.22
4230,8.16
4231,8.59
4232,8.91
4233,8.79
4234,8.60
4235,8.94
4236,9.42
4237,9.70
4238,9.82
4239,11.53
4240,11.90
4241,11.80
4242,10.35
4243,9.89
4244,9.79
4245,8.70
4246,8.07
4247,7.76
4248,7.79
4249,7.90
4250,8.05
4251,8.36
4252,8.46
4253,8.47
4254,8.91
4255,9.64
4256,10.40
4257,10.30
4258,9.98
4259,9.66
4260,10.09
4261,10.90
4262,12.06
4263,11.68
4264,11.46
4265,11.06
4266,10.83
4267,10.78
4268,10.50
4269,10.16
4270,10.00
4271,9.90
4272,9.82
4273,9.71
4274,9.49
4275,9.59
4276,9.59
4277,9.58
4278,9.65
4279,9.90
4280,10.22
4281,10.96
4282,12.58
4283,12.03
4284,12.59
4285,14.16
4286,14.70
4287,13.49
4288,12.97
4289,12.83
4290,13.09
4291,12.66
4292,12.01
4293,11.49
4294,11.16
4295,10.95
4296,10.82
4297,10.83
4298,10.76
4299,10.75
4300,10.48
4301,10.29
4302,10.58
4303,10.68
4304,11.20
4305,11.26
4306,11.26
4307,11.33
4308,11.31
4309,11.78
4310,12.48
4311,12.47
4312,12.56
4313,12.47
4314,12.22
4315,11.69
4316,11.29
4317,10.99
4318,10.76
4319,10.54
4320,10.31
4321,9.78
4322,9.36
4323,9.52
4324,9.55
4325,9.48
4326,9.58
4327,9.97
4328,11.16
4329,12.16
4330,12.76
4331,12.57
4332,12.94
4333,12.43
4334,12.86
4335,13.05
4336,13.60
4337,14.38
4338,13.99
4339,13.69
4340,13.35
4341,12.71
4342,12.42
4343,11.80
4344,11.08
4345,10.43
4346,9.87
4347,9.49
4348,9.18
4349,9.00
4350,9.56
4351,11.27
4352,13.36
4353,15.32
4354,17.19
4355,18.83
4356,19.80
4357,20.40
4358,21.00
4359,21.13
4360,21.09
4361,20.75
4362,19.98
4363,18.59
4364,17.19
4365,15.87
4366,14.93
4367,14.32
4368,13.74
4369,13.18
4370,12.62
4371,12.38
4372,12.09
4373,11.89
4374,12.27
4375,13.85
4376,15.85
4377,17.98
4378,19.98
4379,21.35
4380,21.85
4381,22.80
4382,22.96
4383,23.38
4384,22.90
4385,22.76
4386,21.98
4387,21.03
4388,19.53
4389,18.31
4390,17.49
4391,16.66
4392,16.05
4393,15.67
4394,15.45
4395,15.42
4396,15.51
4397,15.58
4398,15.88
4399,16.39
4400,17.11
4401,17.69
4402,18.14
4403,18.15
4404,18.27
4405,18.31
4406,17.40
4407,16.46
4408,15.46
4409,14.85
4410,14.58
4411,14.31
4412,13.91
4413,13.57
4414,13.33
4415,13.21
4416,13.12
4417,13.13
4418,13.10
4419,13.08
4420,13.06
4421,13.05
4422,13.25
4423,13.75
4424,14.19
4425,14.76
4426,15.31
4427,16.00
4428,15.79
4429,15.42
4430,15.40
4431,15.71
4432,15.68
4433,15.62
4434,15.75
4435,15.75
4436,15.09
4437,14.15
4438,13.90
4439,13.75
4440,13.48
4441,13.17
4442,12.83
4443,12.51
4444,12.22
4445,11.99
4446,12.54
4447,13.89
4448,15.20
4449,16.42
4450,17.32
4451,17.88
4452,18.27
4453,18.00
4454,18.01
4455,17.73
4456,17.90
4457,18.47
4458,18.17
4459,17.30
4460,16.05
4461,15.04
4462,14.57
4463,14.33
4464,14.12
4465,13.89
4466,13.73
4467,13.90
4468,13.55
4469,12.92
4470,13.21
4471,14.61
4472,15.95
4473,17.36
4474,18.70
4475,19.68
4476,20.49
4477,21.27
4478,20.94
4479,20.43
4480,19.59
4481,18.41
4482,17.81
4483,17.24
4484,16.49
4485,15.53
4486,14.56
4487,13.88
4488,13.24
4489,12.78
4490,12.63
4491,12.87
4492,13.11
4493,13.14
4494,13.23
4495,13.34
4496,13.44
4497,13.75
4498,14.59
4499,15.60
4500,17.23
4501,18.51
4502,17.57
4503,16.81
4504,16.75
4505,17.24
4506,16.75
4507,15.87
4508,14.75
4509,13.79
4510,13.55
4511,13.54
4512,13.48
4513,13.37
4514,13.06
4515,12.36
4516,11.66
4517,11.23
4518,11.53
4519,12.91
4520,14.84
4521,16.85
4522,18.71
4523,20.26
4524,21.25
4525,22.08
4526,22.56
4527,22.67
4528,22.54
4529,22.07
4530,21.14
4531,19.74
4532,18.28
4533,16.99
4534,15.92
4535,15.03
4536,14.34
4537,13.75
4538,13.23
4539,12.76
4540,12.34
4541,11.95
4542,12.33
4543,13.86
4544,15.89
4545,17.93
4546,19.70
4547,21.16
4548,22.29
4549,23.07
4550,23.55
4551,23.75
4552,23.61
4553,23.14
4554,22.27
4555,20.87
4556,19.43
4557,18.16
4558,17.15
4559,16.27
4560,15.54
4561,14.97
4562,14.50
4563,14.11
4564,13.72
4565,13.39
4566,13.79
4567,15.20
4568,17.08
4569,19.05
4570,20.80
4571,22.24
4572,22.96
4573,23.46
4574,23.76
4575,23.72
4576,23.45
4577,23.01
4578,21.96
4579,20.67
4580,18.92
4581,16.78
4582,15.24
4583,14.07
4584,13.09
4585,12.17
4586,11.23
4587,10.36
4588,9.63
4589,9.06
4590,9.40
4591,10.76
4592,12.56
4593,14.41
4594,16.16
4595,17.58
4596,18.73
4597,19.48
4598,19.86
4599,20.00
4600,19.93
4601,19.41
4602,18.57
4603,17.46
4604,16.06
4605,14.81
4606,13.95
4607,13.23
4608,12.60
4609,12.06
4610,11.58
4611,11.10
4612,10.69
4613,10.38
4614,10.84
4615,12.41
4616,14.31
4617,15.75
4618,16.72
4619,17.39
4620,17.92
4621,18.82
4622,19.59
4623,20.06
4624,20.13
4625,19.89
4626,19.24
4627,17.93
4628,16.47
4629,15.20
4630,14.23
4631,13.39
4632,12.67
4633,12.06
4634,11.49
4635,11.09
4636,10.73
4637,10.34
4638,10.70
4639,12.15
4640,14.02
4641,15.76
4642,17.27
4643,18.37
4644,19.29
4645,19.98
4646,20.44
4647,20.58
4648,20.47
4649,20.05
4650,19.40
4651,18.19
4652,16.90
4653,15.96
4654,15.64
4655,15.39
4656,14.72
4657,13.82
4658,13.05
4659,12.33
4660,11.65
4661,11.29
4662,11.76
4663,13.20
4664,15.34
4665,17.42
4666,19.10
4667,20.32
4668,21.30
4669,22.05
4670,22.39
4671,22.41
4672,22.16
4673,21.51
4674,20.60
4675,19.29
4676,17.88
4677,16.76
4678,15.98
4679,15.18
4680,14.46
4681,13.79
4682,13.20
4683,12.72
4684,12.22
4685,11.81
4686,12.04
4687,13.46
4688,15.30
4689,17.11
4690,18.77
4691,20.12
4692,21.14
4693,21.85
4694,22.23
4695,22.30
4696,22.02
4697,21.43
4698,20.50
4699,19.04
4700,17.59
4701,16.40
4702,15.52
4703,14.77
4704,14.09
4705,13.53
4706,12.98
4707,12.45
4708,11.99
4709,11.60
4710,11.81
4711,13.26
4712,15.44
4713,17.52
4714,19.32
4715,20.84
4716,21.96
4717,22.79
4718,23.31
4719,23.44
4720,23.22
4721,22.73
4722,21.82
4723,20.32
4724,18.86
4725,17.63
4726,16.63
4727,15.72
4728,14.96
4729,14.33
4730,13.76
4731,13.19
4732,12.63
4733,12.12
4734,12.35
4735,13.86
4736,15.92
4737,18.00
4738,19.84
4739,21.37
4740,22.46
4741,23.16
4742,23.52
4743,23.64
4744,23.41
4745,22.89
4746,21.93
4747,20.52
4748,19.04
4749,17.79
4750,16.92
4751,16.17
4752,15.57
4753,14.96
4754,14.30
4755,13.68
4756,13.09
4757,12.65
4758,12.72
4759,14.19
4760,16.21
4761,18.33
4762,20.17
4763,21.59
4764,22.58
4765,23.37
4766,23.95
4767,24.21
4768,24.14
4769,23.71
4770,22.75
4771,21.45
4772,20.16
4773,19.07
4774,18.11
4775,17.31
4776,16.64
4777,16.02
4778,15.47
4779,14.93
4780,14.41
4781,13.95
4782,14.08
4783,15.52
4784,17.55
4785,19.52
4786,21.29
4787,22.96
4788,24.28
4789,25.15
4790,25.55
4791,25.50
4792,25.27
4793,24.75
4794,23.73
4795,22.31
4796,20.82
4797,19.62
4798,18.69
4799,17.85
4800,17.14
4801,16.55
4802,15.97
4803,15.42
4804,14.93
4805,14.47
4806,14.63
4807,16.07
4808,18.04
4809,19.98
4810,21.78
4811,23.30
4812,24.38
4813,25.05
4814,25.38
4815,25.45
4816,25.27
4817,24.77
4818,23.90
4819,22.65
4820,21.18
4821,19.86
4822,18.85
4823,17.92
4824,16.97
4825,16.07
4826,15.30
4827,14.63
4828,14.06
4829,13.63
4830,13.78
4831,15.13
4832,16.83
4833,18.68
4834,20.60
4835,22.34
4836,23.76
4837,24.75
4838,25.35
4839,25.57
4840,25.44
4841,24.94
4842,23.89
4843,22.33
4844,20.81
4845,19.58
4846,18.60
4847,17.72
4848,16.92
4849,16.16
4850,15.55
4851,15.16
4852,14.55
4853,13.94
4854,13.91
4855,15.26
4856,17.38
4857,19.60
4858,21.76
4859,23.78
4860,25.54
4861,26.92
4862,27.78
4863,28.06
4864,27.93
4865,27.34
4866,26.35
4867,24.76
4868,23.14
4869,21.80
4870,20.88
4871,20.40
4872,20.30
4873,20.14
4874,19.95
4875,19.71
4876,19.45
4877,19.15
4878,19.19
4879,20.10
4880,21.20
4881,23.05
4882,24.76
4883,26.22
4884,27.27
4885,28.01
4886,28.49
4887,28.61
4888,28.35
4889,27.70
4890,26.65
4891,25.15
4892,23.68
4893,22.50
4894,21.65
4895,21.25
4896,21.11
4897,20.91
4898,20.70
4899,20.44
4900,20.16
4901,19.92
4902,20.13
4903,21.27
4904,22.65
4905,24.35
4906,26.07
4907,27.23
4908,26.31
4909,28.51
4910,28.88
4911,27.65
4912,24.95
4913,24.95
4914,24.55
4915,23.62
4916,21.95
4917,21.44
4918,21.05
4919,20.61
4920,20.42
4921,20.06
4922,19.74
4923,19.50
4924,19.16
4925,18.75
4926,18.53
4927,18.80
4928,19.59
4929,21.18
4930,21.65
4931,21.36
4932,22.07
4933,21.96
4934,22.06
4935,21.31
4936,22.21
4937,22.22
4938,21.75
4939,20.81
4940,19.39
4941,18.37
4942,17.64
4943,17.07
4944,16.56
4945,16.04
4946,15.63
4947,15.20
4948,14.85
4949,14.57
4950,14.57
4951,15.91
4952,18.08
4953,20.27
4954,22.14
4955,23.60
4956,24.82
4957,25.81
4958,26.42
4959,26.72
4960,26.62
4961,26.10
4962,25.09
4963,23.55
4964,22.11
4965,20.99
4966,20.16
4967,19.47
4968,18.84
4969,18.22
4970,17.71
4971,17.23
4972,16.78
4973,16.37
4974,16.30
4975,17.58
4976,19.68
4977,21.84
4978,23.98
4979,25.99
4980,27.76
4981,29.05
4982,30.00
4983,30.35
4984,30.22
4985,29.47
4986,27.83
4987,26.10
4988,24.57
4989,23.43
4990,22.56
4991,21.94
4992,21.43
4993,21.03
4994,20.69
4995,20.66
4996,20.62
4997,20.54
4998,21.10
4999,21.71
5000,23.65
5001,25.82
5002,27.94
5003,29.31
5004,30.36
5005,31.25
5006,31.69
5007,31.54
5008,31.04
5009,30.29
5010,29.14
5011,27.75
5012,26.31
5013,25.06
5014,24.23
5015,23.77
5016,23.55
5017,23.19
5018,22.68
5019,21.03
5020,20.16
5021,20.20
5022,20.27
5023,20.52
5024,20.72
5025,20.79
5026,20.68
5027,20.80
5028,20.04
5029,17.93
5030,17.79
5031,19.88
5032,19.11
5033,18.62
5034,18.15
5035,18.41
5036,18.00
5037,17.15
5038,16.77
5039,16.84
5040,16.46
5041,15.92
5042,15.95
5043,15.91
5044,15.66
5045,15.53
5046,15.41
5047,15.33
5048,16.31
5049,17.23
5050,18.34
5051,19.68
5052,20.77
5053,21.27
5054,21.90
5055,22.13
5056,22.21
5057,21.67
5058,20.92
5059,19.61
5060,18.06
5061,16.89
5062,16.12
5063,15.57
5064,15.06
5065,14.75
5066,14.82
5067,15.38
5068,15.66
5069,15.87
5070,16.12
5071,16.94
5072,18.04
5073,18.73
5074,19.85
5075,21.49
5076,22.92
5077,23.37
5078,24.41
5079,24.72
5080,24.26
5081,23.78
5082,22.91
5083,21.78
5084,20.32
5085,19.02
5086,18.28
5087,17.88
5088,17.56
5089,17.20
5090,16.65
5091,16.19
5092,15.75
5093,15.41
5094,15.53
5095,16.80
5096,18.89
5097,21.04
5098,22.96
5099,24.59
5100,25.85
5101,26.81
5102,27.40
5103,27.65
5104,27.53
5105,27.02
5106,26.00
5107,24.48
5108,23.00
5109,21.87
5110,20.98
5111,20.21
5112,19.52
5113,18.89
5114,18.32
5115,17.70
5116,17.24
5117,16.57
5118,16.48
5119,17.73
5120,20.07
5121,22.66
5122,25.26
5123,27.60
5124,29.53
5125,30.85
5126,31.53
5127,31.79
5128,31.55
5129,30.92
5130,29.87
5131,28.60
5132,26.72
5133,25.23
5134,24.06
5135,23.25
5136,22.46
5137,21.84
5138,21.52
5139,20.88
5140,20.51
5141,20.17
5142,19.59
5143,20.46
5144,22.52
5145,24.95
5146,27.22
5147,28.42
5148,29.15
5149,29.63
5150,29.83
5151,29.64
5152,29.19
5153,28.41
5154,27.23
5155,25.93
5156,24.47
5157,23.29
5158,22.32
5159,21.50
5160,20.75
5161,20.21
5162,20.03
5163,20.29
5164,20.29
5165,20.18
5166,20.11
5167,20.21
5168,20.53
5169,20.43
5170,20.75
5171,20.95
5172,20.99
5173,22.29
5174,21.08
5175,20.86
5176,20.83
5177,21.54
5178,21.19
5179,20.69
5180,20.19
5181,19.88
5182,19.68
5183,19.57
5184,19.65
5185,19.64
5186,19.62
5187,19.60
5188,19.58
5189,19.57
5190,19.58
5191,19.66
5192,19.82
5193,20.16
5194,21.08
5195,23.49
5196,25.32
5197,26.66
5198,27.61
5199,28.16
5200,28.38
5201,28.15
5202,27.35
5203,25.92
5204,24.37
5205,23.20
5206,22.36
5207,21.67
5208,21.07
5209,20.58
5210,20.20
5211,19.85
5212,19.50
5213,19.29
5214,19.38
5215,20.32
5216,22.18
5217,24.25
5218,26.21
5219,27.89
5220,29.08
5221,29.96
5222,30.55
5223,31.03
5224,30.97
5225,30.28
5226,29.18
5227,27.65
5228,26.35
5229,25.37
5230,24.44
5231,23.72
5232,23.04
5233,22.40
5234,21.93
5235,21.51
5236,21.00
5237,20.61
5238,20.42
5239,21.52
5240,23.50
5241,25.77
5242,27.72
5243,28.89
5244,29.96
5245,30.85
5246,31.34
5247,31.33
5248,31.01
5249,30.35
5250,29.29
5251,28.19
5252,26.84
5253,25.81
5254,24.94
5255,23.98
5256,23.17
5257,22.60
5258,22.13
5259,21.60
5260,20.95
5261,20.41
5262,20.26
5263,20.57
5264,20.97
5265,21.31
5266,20.69
5267,20.71
5268,21.71
5269,23.78
5270,24.81
5271,24.61
5272,23.98
5273,23.08
5274,22.45
5275,21.70
5276,20.35
5277,19.95
5278,19.76
5279,19.35
5280,19.22
5281,18.82
5282,18.45
5283,18.32
5284,17.84
5285,16.96
5286,16.45
5287,16.27
5288,16.31
5289,16.54
5290,16.96
5291,17.62
5292,18.03
5293,18.76
5294,19.14
5295,19.13
5296,18.23
5297,18.25
5298,18.25
5299,18.25
5300,17.89
5301,17.59
5302,17.26
5303,16.92
5304,16.63
5305,16.36
5306,16.11
5307,15.73
5308,14.70
5309,14.13
5310,14.01
5311,15.03
5312,16.29
5313,17.73
5314,19.16
5315,19.29
5316,19.55
5317,20.02
5318,20.42
5319,20.73
5320,21.24
5321,20.90
5322,20.07
5323,19.02
5324,18.02
5325,17.21
5326,16.39
5327,16.26
5328,15.95
5329,15.68
5330,15.45
5331,15.23
5332,14.92
5333,14.26
5334,13.71
5335,14.05
5336,15.16
5337,16.03
5338,16.85
5339,17.49
5340,15.81
5341,15.94
5342,18.18
5343,17.60
5344,17.15
5345,16.96
5346,16.87
5347,16.00
5348,14.68
5349,14.11
5350,13.88
5351,13.13
5352,12.41
5353,11.80
5354,11.37
5355,11.00
5356,10.66
5357,10.42
5358,10.35
5359,11.49
5360,13.67
5361,16.02
5362,18.15
5363,19.85
5364,20.76
5365,21.61
5366,22.18
5367,22.28
5368,21.95
5369,21.30
5370,20.38
5371,19.43
5372,18.40
5373,18.02
5374,17.56
5375,17.11
5376,16.67
5377,16.25
5378,15.85
5379,15.54
5380,15.09
5381,14.69
5382,14.40
5383,14.16
5384,14.03
5385,14.39
5386,15.67
5387,16.57
5388,17.52
5389,17.57
5390,15.65
5391,15.53
5392,15.45
5393,15.83
5394,15.34
5395,14.36
5396,12.99
5397,12.15
5398,11.71
5399,11.41
5400,11.11
5401,10.83
5402,10.60
5403,10.36
5404,10.14
5405,9.86
5406,9.71
5407,10.56
5408,12.06
5409,14.04
5410,15.86
5411,17.46
5412,18.45
5413,19.14
5414,19.49
5415,19.42
5416,19.07
5417,18.45
5418,17.57
5419,16.49
5420,14.98
5421,13.87
5422,13.05
5423,12.38
5424,11.77
5425,11.20
5426,10.69
5427,10.24
5428,9.84
5429,9.45
5430,9.22
5431,10.17
5432,12.23
5433,14.51
5434,16.64
5435,18.39
5436,19.68
5437,20.59
5438,21.09
5439,21.27
5440,21.03
5441,20.38
5442,19.37
5443,17.79
5444,16.31
5445,15.27
5446,14.43
5447,13.73
5448,13.18
5449,12.69
5450,12.16
5451,11.63
5452,11.18
5453,10.73
5454,10.36
5455,11.19
5456,13.29
5457,15.62
5458,17.82
5459,19.79
5460,21.37
5461,22.53
5462,23.30
5463,23.69
5464,23.61
5465,23.06
5466,21.78
5467,20.14
5468,18.70
5469,17.81
5470,17.10
5471,16.54
5472,16.01
5473,15.54
5474,15.41
5475,15.31
5476,15.19
5477,14.99
5478,14.63
5479,15.26
5480,17.26
5481,19.62
5482,21.49
5483,22.89
5484,23.97
5485,24.74
5486,25.18
5487,25.21
5488,24.83
5489,24.11
5490,22.97
5491,21.33
5492,19.95
5493,19.32
5494,19.05
5495,18.73
5496,18.39
5497,18.09
5498,17.83
5499,17.57
5500,17.30
5501,17.05
5502,16.44
5503,16.75
5504,17.86
5505,20.35
5506,22.60
5507,24.43
5508,25.82
5509,26.65
5510,27.04
5511,26.95
5512,26.43
5513,25.53
5514,24.15
5515,22.46
5516,20.87
5517,19.85
5518,19.09
5519,18.46
5520,17.85
5521,17.38
5522,17.35
5523,16.69
5524,16.06
5525,15.45
5526,15.18
5527,16.04
5528,17.09
5529,17.74
5530,18.56
5531,18.36
5532,16.89
5533,16.55
5534,16.77
5535,18.00
5536,17.82
5537,17.82
5538,18.06
5539,17.03
5540,16.30
5541,16.05
5542,16.01
5543,15.77
5544,15.48
5545,15.18
5546,14.88
5547,14.35
5548,13.16
5549,12.41
5550,11.93
5551,12.48
5552,14.13
5553,15.76
5554,16.87
5555,17.63
5556,18.39
5557,19.08
5558,19.72
5559,19.95
5560,19.57
5561,18.59
5562,17.77
5563,16.81
5564,15.12
5565,14.08
5566,13.33
5567,12.77
5568,12.27
5569,11.84
5570,11.62
5571,11.63
5572,11.34
5573,10.96
5574,10.51
5575,11.19
5576,13.21
5577,15.46
5578,17.50
5579,19.05
5580,20.19
5581,21.09
5582,21.65
5583,21.88
5584,21.71
5585,21.18
5586,20.16
5587,18.55
5588,17.09
5589,16.05
5590,15.14
5591,14.32
5592,13.58
5593,12.95
5594,12.35
5595,11.80
5596,11.27
5597,10.85
5598,10.46
5599,11.07
5600,13.04
5601,15.32
5602,17.54
5603,19.43
5604,20.90
5605,21.92
5606,22.57
5607,22.80
5608,22.70
5609,22.18
5610,21.03
5611,19.41
5612,18.01
5613,17.01
5614,16.16
5615,15.59
5616,15.17
5617,14.82
5618,14.41
5619,13.97
5620,13.59
5621,13.32
5622,13.03
5623,13.72
5624,15.32
5625,17.27
5626,19.21
5627,20.90
5628,22.22
5629,23.26
5630,23.82
5631,24.02
5632,23.77
5633,23.37
5634,22.36
5635,20.83
5636,19.45
5637,18.53
5638,17.78
5639,17.11
5640,16.44
5641,15.79
5642,15.22
5643,14.76
5644,14.40
5645,14.02
5646,13.61
5647,14.13
5648,16.05
5649,18.30
5650,20.43
5651,22.29
5652,23.83
5653,24.98
5654,25.65
5655,25.90
5656,25.73
5657,25.19
5658,24.09
5659,22.73
5660,21.28
5661,20.35
5662,19.65
5663,19.13
5664,18.62
5665,18.07
5666,17.59
5667,17.32
5668,16.98
5669,16.47
5670,15.85
5671,15.92
5672,16.44
5673,17.30
5674,18.76
5675,20.06
5676,20.54
5677,19.07
5678,18.55
5679,18.12
5680,17.92
5681,17.78
5682,17.60
5683,17.50
5684,17.28
5685,16.74
5686,16.08
5687,15.30
5688,14.54
5689,13.95
5690,13.54
5691,13.26
5692,13.05
5693,12.80
5694,12.71
5695,13.32
5696,14.93
5697,16.22
5698,16.74
5699,18.14
5700,20.28
5701,22.08
5702,23.04
5703,23.13
5704,22.40
5705,21.70
5706,21.10
5707,20.08
5708,19.38
5709,19.20
5710,18.79
5711,18.35
5712,17.92
5713,17.52
5714,17.17
5715,16.79
5716,16.48
5717,16.25
5718,15.91
5719,15.96
5720,15.96
5721,15.88
5722,15.75
5723,15.76
5724,15.77
5725,15.85
5726,15.98
5727,16.12
5728,16.22
5729,16.27
5730,15.86
5731,15.41
5732,15.06
5733,14.87
5734,14.71
5735,14.63
5736,14.60
5737,14.53
5738,14.35
5739,14.17
5740,14.13
5741,14.02
5742,13.92
5743,14.02
5744,14.27
5745,14.24
5746,14.31
5747,14.68
5748,15.02
5749,16.28
5750,19.11
5751,20.34
5752,20.96
5753,20.80
5754,20.17
5755,18.86
5756,17.63
5757,16.99
5758,16.34
5759,15.33
5760,14.35
5761,13.63
5762,13.04
5763,12.57
5764,12.05
5765,11.65
5766,11.28
5767,11.74
5768,13.50
5769,15.93
5770,18.25
5771,20.14
5772,21.44
5773,22.23
5774,22.65
5775,22.71
5776,22.36
5777,21.60
5778,20.37
5779,18.67
5780,17.39
5781,16.57
5782,16.23
5783,16.04
5784,15.94
5785,15.82
5786,15.41
5787,15.00
5788,14.69
5789,14.40
5790,14.15
5791,14.62
5792,15.88
5793,17.64
5794,19.87
5795,21.50
5796,22.87
5797,23.67
5798,23.94
5799,24.14
5800,23.88
5801,23.09
5802,22.00
5803,20.39
5804,19.18
5805,18.25
5806,17.43
5807,16.75
5808,16.26
5809,15.77
5810,15.34
5811,14.74
5812,13.99
5813,13.61
5814,12.88
5815,13.16
5816,14.89
5817,16.99
5818,18.94
5819,20.57
5820,21.77
5821,22.47
5822,22.76
5823,22.79
5824,22.37
5825,21.45
5826,20.37
5827,18.73
5828,17.17
5829,16.11
5830,15.29
5831,15.05
5832,15.30
5833,14.97
5834,14.52
5835,14.18
5836,14.13
5837,13.90
5838,13.64
5839,13.42
5840,13.36
5841,13.36
5842,12.99
5843,12.78
5844,13.19
5845,15.81
5846,17.07
5847,17.40
5848,17.19
5849,16.57
5850,15.68
5851,14.37
5852,13.09
5853,12.36
5854,11.70
5855,11.16
5856,10.84
5857,10.65
5858,10.58
5859,10.43
5860,10.27
5861,10.01
5862,9.76
5863,10.25
5864,11.81
5865,13.56
5866,15.32
5867,16.82
5868,18.09
5869,19.13
5870,19.74
5871,19.97
5872,19.77
5873,19.21
5874,18.28
5875,16.87
5876,16.03
5877,15.98
5878,16.04
5879,15.94
5880,15.76
5881,15.36
5882,14.60
5883,13.94
5884,13.76
5885,13.31
5886,12.96
5887,13.41
5888,14.77
5889,16.33
5890,17.85
5891,18.32
5892,20.18
5893,21.45
5894,22.28
5895,22.38
5896,21.93
5897,21.24
5898,20.15
5899,18.43
5900,17.02
5901,16.02
5902,15.21
5903,14.54
5904,13.93
5905,13.40
5906,13.01
5907,12.64
5908,12.29
5909,12.02
5910,11.77
5911,12.13
5912,14.07
5913,16.40
5914,18.49
5915,20.09
5916,21.35
5917,22.32
5918,22.99
5919,23.16
5920,22.87
5921,22.16
5922,20.90
5923,18.99
5924,17.59
5925,16.50
5926,15.54
5927,14.72
5928,14.03
5929,13.45
5930,12.94
5931,12.53
5932,12.10
5933,11.68
5934,11.25
5935,11.52
5936,13.46
5937,15.92
5938,18.27
5939,20.51
5940,22.49
5941,24.01
5942,24.93
5943,25.32
5944,25.05
5945,24.27
5946,22.67
5947,20.63
5948,19.22
5949,18.20
5950,17.34
5951,16.60
5952,15.99
5953,15.38
5954,14.79
5955,14.15
5956,13.70
5957,13.22
5958,12.73
5959,13.04
5960,14.98
5961,17.54
5962,20.17
5963,22.62
5964,24.73
5965,26.38
5966,27.39
5967,27.72
5968,27.40
5969,26.50
5970,24.70
5971,22.59
5972,21.01
5973,19.86
5974,18.93
5975,18.18
5976,17.42
5977,16.91
5978,16.53
5979,16.74
5980,15.94
5981,15.51
5982,15.11
5983,15.35
5984,16.95
5985,19.31
5986,21.59
5987,23.56
5988,25.29
5989,26.59
5990,27.30
5991,27.37
5992,26.93
5993,26.09
5994,24.59
5995,22.66
5996,21.26
5997,20.12
5998,19.09
5999,18.39
6000,17.63
6001,17.05
6002,16.65
6003,16.08
6004,15.58
6005,14.93
6006,14.42
6007,14.60
6008,16.34
6009,18.80
6010,21.20
6011,22.81
6012,24.12
6013,25.09
6014,25.73
6015,25.91
6016,25.56
6017,24.54
6018,23.38
6019,21.59
6020,20.59
6021,17.81
6022,15.58
6023,13.68
6024,12.98
6025,12.59
6026,12.19
6027,11.90
6028,11.81
6029,11.83
6030,11.74
6031,11.92
6032,12.52
6033,13.62
6034,15.11
6035,16.39
6036,17.36
6037,18.10
6038,18.28
6039,18.32
6040,18.21
6041,17.69
6042,17.05
6043,16.53
6044,16.04
6045,15.38
6046,14.69
6047,14.16
6048,13.47
6049,12.95
6050,12.46
6051,12.34
6052,12.59
6053,12.64
6054,12.02
6055,11.79
6056,13.07
6057,13.98
6058,13.93
6059,12.79
6060,11.69
6061,12.75
6062,13.32
6063,13.62
6064,12.58
6065,12.15
6066,11.79
6067,11.40
6068,11.21
6069,11.08
6070,10.90
6071,10.74
6072,10.65
6073,10.37
6074,9.61
6075,10.02
6076,9.98
6077,9.96
6078,10.11
6079,10.31
6080,10.73
6081,11.74
6082,12.67
6083,12.75
6084,14.27
6085,13.93
6086,13.30
6087,12.37
6088,13.59
6089,13.23
6090,12.87
6091,12.47
6092,12.33
6093,11.58
6094,11.02
6095,11.04
6096,10.84
6097,10.60
6098,10.35
6099,10.34
6100,10.39
6101,10.42
6102,10.41
6103,10.38
6104,10.53
6105,11.00
6106,11.78
6107,11.67
6108,12.45
6109,11.59
6110,12.11
6111,11.62
6112,11.01
6113,10.81
6114,10.85
6115,10.63
6116,10.51
6117,10.40
6118,10.27
6119,10.15
6120,10.02
6121,9.91
6122,9.80
6123,9.19
6124,8.65
6125,8.26
6126,8.10
6127,8.48
6128,9.79
6129,10.38
6130,10.66
6131,11.75
6132,13.71
6133,15.06
6134,15.02
6135,14.32
6136,14.64
6137,14.42
6138,13.43
6139,12.11
6140,11.37
6141,10.81
6142,10.34
6143,9.97
6144,9.74
6145,9.59
6146,9.50
6147,9.79
6148,10.13
6149,10.15
6150,10.26
6151,10.68
6152,11.11
6153,11.45
6154,11.49
6155,11.64
6156,12.08
6157,12.98
6158,14.39
6159,14.00
6160,13.78
6161,14.08
6162,14.08
6163,13.69
6164,13.66
6165,13.62
6166,13.46
6167,13.44
6168,13.36
6169,13.20
6170,13.19
6171,13.13
6172,13.05
6173,12.95
6174,12.86
6175,12.98
6176,13.61
6177,14.34
6178,15.22
6179,15.51
6180,15.56
6181,15.08
6182,14.82
6183,15.30
6184,14.90
6185,14.39
6186,14.07
6187,13.74
6188,12.85
6189,12.34
6190,12.15
6191,12.16
6192,12.31
6193,12.53
6194,12.77
6195,12.83
6196,12.92
6197,12.92
6198,12.68
6199,12.62
6200,12.69
6201,12.22
6202,11.51
6203,11.20
6204,11.36
6205,11.10
6206,10.68
6207,10.26
6208,9.53
6209,9.09
6210,8.98
6211,8.31
6212,7.89
6213,7.69
6214,7.16
6215,7.03
6216,7.12
6217,6.91
6218,6.73
6219,6.55
6220,6.16
6221,5.95
6222,5.69
6223,5.44
6224,5.93
6225,6.69
6226,6.83
6227,8.40
6228,10.18
6229,10.82
6230,11.41
6231,10.49
6232,10.27
6233,9.71
6234,8.64
6235,7.99
6236,7.67
6237,7.59
6238,7.40
6239,7.19
6240,6.93
6241,6.75
6242,6.66
6243,6.83
6244,7.55
6245,8.83
6246,10.19
6247,10.72
6248,10.99
6249,10.93
6250,10.41
6251,10.31
6252,10.19
6253,9.99
6254,10.24
6255,9.62
6256,9.07
6257,8.84
6258,8.47
6259,8.19
6260,7.99
6261,7.79
6262,7.61
6263,7.34
6264,7.08
6265,6.89
6266,6.80
6267,6.73
6268,6.64
6269,6.58
6270,6.49
6271,6.37
6272,6.39
6273,7.16
6274,8.36
6275,9.38
6276,9.33
6277,9.75
6278,9.81
6279,9.96
6280,9.94
6281,9.80
6282,9.06
6283,7.96
6284,7.55
6285,7.09
6286,6.73
6287,6.25
6288,5.80
6289,5.64
6290,5.56
6291,5.82
6292,6.31
6293,6.57
6294,6.76
6295,6.89
6296,7.01
6297,7.16
6298,7.42
6299,7.87
6300,8.24
6301,8.34
6302,8.48
6303,8.50
6304,8.52
6305,8.78
6306,8.77
6307,8.51
6308,8.50
6309,8.57
6310,8.64
6311,8.69
6312,8.70
6313,8.71
6314,8.73
6315,8.76
6316,8.78
6317,8.81
6318,8.83
6319,8.89
6320,9.34
6321,10.28
6322,11.72
6323,12.33
6324,12.17
6325,12.43
6326,12.52
6327,12.06
6328,11.86
6329,11.60
6330,11.33
6331,11.15
6332,10.88
6333,10.57
6334,10.36
6335,10.19
6336,10.01
6337,9.82
6338,8.81
6339,8.09
6340,7.57
6341,7.12
6342,6.79
6343,6.62
6344,7.65
6345,9.50
6346,11.48
6347,13.18
6348,14.36
6349,15.20
6350,15.58
6351,15.50
6352,14.96
6353,14.11
6354,12.67
6355,11.25
6356,10.36
6357,9.65
6358,9.16
6359,9.08
6360,8.96
6361,8.81
6362,8.59
6363,8.36
6364,8.10
6365,7.90
6366,7.75
6367,7.72
6368,8.71
6369,10.38
6370,12.50
6371,14.23
6372,15.05
6373,15.87
6374,16.33
6375,16.36
6376,15.87
6377,14.99
6378,13.25
6379,11.85
6380,10.95
6381,10.30
6382,9.89
6383,9.80
6384,9.67
6385,9.38
6386,9.22
6387,9.02
6388,8.81
6389,8.59
6390,8.35
6391,8.29
6392,9.18
6393,10.95
6394,12.83
6395,14.65
6396,16.13
6397,17.06
6398,17.46
6399,17.30
6400,16.66
6401,15.65
6402,13.81
6403,12.35
6404,11.29
6405,10.47
6406,9.76
6407,9.02
6408,8.43
6409,7.85
6410,7.35
6411,6.95
6412,6.58
6413,6.26
6414,5.96
6415,5.88
6416,6.97
6417,9.04
6418,11.26
6419,13.28
6420,14.95
6421,16.16
6422,16.86
6423,16.97
6424,16.42
6425,15.62
6426,14.16
6427,12.71
6428,11.76
6429,10.87
6430,10.28
6431,9.70
6432,8.98
6433,8.38
6434,8.10
6435,8.01
6436,7.90
6437,7.75
6438,7.58
6439,7.67
6440,8.65
6441,10.50
6442,12.60
6443,14.45
6444,15.87
6445,16.78
6446,17.11
6447,16.89
6448,16.20
6449,15.26
6450,13.54
6451,12.17
6452,11.19
6453,10.38
6454,9.67
6455,9.10
6456,8.58
6457,8.16
6458,7.84
6459,7.57
6460,7.22
6461,6.93
6462,6.76
6463,6.67
6464,7.75
6465,9.73
6466,11.83
6467,13.76
6468,15.30
6469,16.27
6470,16.66
6471,16.51
6472,15.86
6473,14.88
6474,13.10
6475,11.63
6476,10.61
6477,9.86
6478,9.11
6479,8.37
6480,7.75
6481,7.22
6482,6.71
6483,6.24
6484,5.82
6485,5.45
6486,5.09
6487,4.91
6488,6.05
6489,8.24
6490,10.56
6491,12.63
6492,14.32
6493,15.51
6494,16.08
6495,16.14
6496,15.64
6497,14.55
6498,12.83
6499,11.42
6500,10.42
6501,9.49
6502,8.66
6503,7.96
6504,7.33
6505,6.80
6506,6.43
6507,6.11
6508,5.90
6509,5.70
6510,5.54
6511,5.56
6512,6.77
6513,8.54
6514,10.31
6515,12.14
6516,13.73
6517,14.92
6518,15.60
6519,15.72
6520,15.11
6521,13.98
6522,12.49
6523,11.24
6524,10.33
6525,9.50
6526,8.73
6527,8.08
6528,7.53
6529,7.03
6530,6.45
6531,6.01
6532,5.72
6533,5.63
6534,5.71
6535,6.01
6536,6.98
6537,8.13
6538,9.36
6539,10.32
6540,11.35
6541,12.10
6542,12.62
6543,12.87
6544,12.93
6545,12.70
6546,12.26
6547,11.79
6548,11.22
6549,10.56
6550,9.94
6551,9.40
6552,8.88
6553,8.56
6554,8.43
6555,8.38
6556,8.31
6557,8.24
6558,8.19
6559,8.15
6560,8.26
6561,8.52
6562,8.94
6563,9.33
6564,10.15
6565,11.49
6566,11.95
6567,11.59
6568,11.12
6569,10.68
6570,10.20
6571,9.75
6572,9.38
6573,9.12
6574,8.96
6575,8.82
6576,8.53
6577,7.16
6578,6.01
6579,5.09
6580,4.32
6581,3.69
6582,3.13
6583,2.70
6584,3.58
6585,5.28
6586,7.13
6587,8.87
6588,10.29
6589,11.35
6590,11.80
6591,11.78
6592,11.20
6593,10.10
6594,8.48
6595,7.21
6596,6.27
6597,5.43
6598,4.67
6599,3.95
6600,3.34
6601,2.80
6602,2.30
6603,1.78
6604,1.30
6605,0.91
6606,0.60
6607,0.34
6608,1.39
6609,3.57
6610,6.11
6611,8.64
6612,10.71
6613,12.38
6614,13.29
6615,13.44
6616,12.83
6617,11.52
6618,9.84
6619,8.58
6620,7.71
6621,6.95
6622,6.30
6623,5.74
6624,5.47
6625,5.58
6626,5.64
6627,5.66
6628,5.58
6629,5.53
6630,5.47
6631,5.54
6632,6.94
6633,9.12
6634,11.63
6635,14.04
6636,16.02
6637,17.63
6638,18.63
6639,18.79
6640,18.29
6641,17.07
6642,15.78
6643,15.12
6644,14.64
6645,14.08
6646,13.77
6647,13.67
6648,13.56
6649,13.51
6650,13.11
6651,13.02
6652,12.98
6653,12.88
6654,12.79
6655,12.70
6656,13.11
6657,13.50
6658,13.91
6659,14.63
6660,14.72
6661,14.75
6662,14.66
6663,14.53
6664,14.34
6665,13.82
6666,13.30
6667,12.98
6668,12.82
6669,12.73
6670,12.71
6671,12.70
6672,12.51
6673,12.05
6674,11.61
6675,11.27
6676,11.08
6677,10.96
6678,10.88
6679,10.82
6680,11.05
6681,11.26
6682,11.34
6683,11.40
6684,11.46
6685,11.58
6686,11.65
6687,11.67
6688,11.59
6689,11.46
6690,11.36
6691,11.28
6692,11.23
6693,11.17
6694,11.06
6695,10.90
6696,10.61
6697,10.36
6698,10.09
6699,9.71
6700,9.20
6701,8.75
6702,8.20
6703,7.49
6704,7.76
6705,9.21
6706,10.86
6707,12.41
6708,13.72
6709,14.65
6710,15.13
6711,15.13
6712,14.73
6713,14.11
6714,13.09
6715,12.43
6716,11.89
6717,10.87
6718,9.70
6719,8.85
6720,8.36
6721,7.98
6722,7.61
6723,7.32
6724,7.13
6725,7.00
6726,6.98
6727,7.01
6728,7.56
6729,8.87
6730,10.51
6731,12.16
6732,13.46
6733,14.32
6734,14.76
6735,14.72
6736,14.20
6737,13.31
6738,11.87
6739,11.04
6740,10.48
6741,10.12
6742,9.90
6743,9.54
6744,9.01
6745,8.51
6746,7.99
6747,7.34
6748,6.78
6749,6.42
6750,6.26
6751,6.25
6752,7.08
6753,8.83
6754,10.52
6755,11.84
6756,13.02
6757,13.85
6758,14.17
6759,14.35
6760,13.90
6761,12.85
6762,11.38
6763,10.48
6764,10.06
6765,9.58
6766,8.96
6767,8.76
6768,8.73
6769,9.35
6770,9.34
6771,9.22
6772,9.21
6773,9.12
6774,8.94
6775,8.86
6776,9.19
6777,9.34
6778,7.85
6779,6.78
6780,7.01
6781,7.29
6782,7.45
6783,7.24
6784,6.67
6785,6.38
6786,5.62
6787,5.26
6788,5.03
6789,4.44
6790,4.15
6791,3.97
6792,3.81
6793,3.69
6794,3.59
6795,3.78
6796,4.05
6797,4.18
6798,4.20
6799,4.16
6800,4.32
6801,4.74
6802,5.33
6803,5.93
6804,6.55
6805,7.04
6806,6.83
6807,6.87
6808,6.61
6809,6.45
6810,6.21
6811,6.12
6812,6.05
6813,5.97
6814,5.92
6815,5.87
6816,5.66
6817,4.96
6818,4.36
6819,3.72
6820,3.21
6821,2.94
6822,2.74
6823,2.55
6824,3.16
6825,4.60
6826,6.27
6827,7.70
6828,8.73
6829,9.12
6830,8.87
6831,8.81
6832,8.23
6833,7.64
6834,6.65
6835,5.99
6836,5.24
6837,4.52
6838,4.01
6839,3.64
6840,3.38
6841,3.16
6842,3.02
6843,2.90
6844,3.28
6845,3.70
6846,3.82
6847,3.86
6848,4.43
6849,5.60
6850,6.33
6851,7.35
6852,6.92
6853,6.98
6854,7.42
6855,7.89
6856,7.92
6857,6.77
6858,5.78
6859,4.65
6860,4.04
6861,3.70
6862,3.54
6863,3.42
6864,3.23
6865,3.16
6866,3.12
6867,3.12
6868,3.33
6869,3.47
6870,3.66
6871,3.86
6872,4.80
6873,6.40
6874,8.51
6875,10.64
6876,12.35
6877,13.54
6878,14.06
6879,13.97
6880,13.59
6881,12.53
6882,11.20
6883,10.32
6884,9.63
6885,9.23
6886,8.77
6887,8.54
6888,8.56
6889,8.74
6890,8.79
6891,8.81
6892,9.40
6893,9.43
6894,9.11
6895,9.04
6896,9.18
6897,9.65
6898,10.26
6899,10.47
6900,11.13
6901,10.72
6902,9.77
6903,9.83
6904,9.36
6905,8.97
6906,8.61
6907,8.56
6908,8.42
6909,8.05
6910,6.58
6911,5.81
6912,5.28
6913,5.38
6914,5.70
6915,5.86
6916,5.95
6917,5.99
6918,6.02
6919,6.09
6920,6.20
6921,6.42
6922,6.80
6923,7.11
6924,7.33
6925,7.69
6926,8.15
6927,8.20
6928,8.05
6929,7.75
6930,7.44
6931,7.44
6932,7.32
6933,6.37
6934,5.87
6935,5.62
6936,5.71
6937,5.84
6938,5.96
6939,6.21
6940,6.43
6941,6.72
6942,6.88
6943,7.03
6944,7.25
6945,7.48
6946,7.93
6947,8.25
6948,8.40
6949,8.46
6950,8.71
6951,9.07
6952,9.22
6953,9.21
6954,9.06
6955,9.10
6956,9.07
6957,8.83
6958,9.06
6959,9.09
6960,9.04
6961,9.03
6962,9.07
6963,9.07
6964,9.05
6965,9.03
6966,9.04
6967,9.06
6968,9.09
6969,9.24
6970,9.62
6971,9.75
6972,9.73
6973,9.77
6974,10.00
6975,10.23
6976,10.23
6977,9.85
6978,9.44
6979,8.97
6980,8.05
6981,7.49
6982,7.13
6983,6.77
6984,6.33
6985,5.92
6986,5.55
6987,5.29
6988,5.34
6989,5.78
6990,5.98
6991,5.94
6992,6.25
6993,7.06
6994,8.87
6995,11.20
6996,13.25
6997,14.75
6998,15.53
6999,15.50
7000,14.46
7001,12.84
7002,11.67
7003,11.47
7004,11.50
7005,11.44
7006,11.43
7007,11.39
7008,11.35
7009,11.21
7010,11.03
7011,10.90
7012,10.79
7013,10.79
7014,11.05
7015,11.24
7016,11.85
7017,11.93
7018,11.76
7019,12.61
7020,13.16
7021,13.72
7022,13.84
7023,13.54
7024,12.65
7025,12.31
7026,12.01
7027,11.81
7028,11.48
7029,11.03
7030,10.70
7031,10.69
7032,10.68
7033,10.77
7034,11.05
7035,11.13
7036,11.12
7037,11.04
7038,10.99
7039,10.15
7040,9.82
7041,10.85
7042,12.41
7043,14.12
7044,15.51
7045,16.30
7046,16.66
7047,16.45
7048,15.48
7049,14.19
7050,13.13
7051,12.49
7052,12.01
7053,11.60
7054,11.25
7055,10.85
7056,10.53
7057,10.39
7058,10.24
7059,10.14
7060,10.09
7061,9.83
7062,9.47
7063,9.35
7064,9.52
7065,10.73
7066,12.58
7067,14.37
7068,15.89
7069,17.10
7070,17.63
7071,17.38
7072,16.20
7073,14.55
7074,13.18
7075,12.48
7076,12.26
7077,12.07
7078,11.85
7079,12.02
7080,12.04
7081,12.01
7082,11.82
7083,11.61
7084,11.74
7085,12.06
7086,11.95
7087,11.79
7088,12.07
7089,12.88
7090,13.49
7091,14.06
7092,14.14
7093,13.89
7094,13.57
7095,13.49
7096,13.68
7097,13.29
7098,12.79
7099,12.34
7100,11.99
7101,11.80
7102,11.74
7103,11.74
7104,11.62
7105,11.54
7106,11.65
7107,11.76
7108,11.66
7109,11.55
7110,11.78
7111,11.85
7112,11.84
7113,11.82
7114,11.94
7115,12.20
7116,12.68
7117,13.67
7118,14.10
7119,13.92
7120,13.51
7121,12.49
7122,11.63
7123,11.13
7124,10.60
7125,10.34
7126,9.97
7127,9.63
7128,9.36
7129,9.15
7130,8.94
7131,8.63
7132,8.39
7133,8.17
7134,7.98
7135,7.96
7136,8.36
7137,9.80
7138,11.78
7139,13.62
7140,15.17
7141,16.04
7142,16.35
7143,16.27
7144,15.24
7145,13.96
7146,12.89
7147,12.66
7148,12.39
7149,12.05
7150,11.84
7151,11.65
7152,11.38
7153,11.56
7154,11.04
7155,10.67
7156,10.31
7157,10.32
7158,10.90
7159,11.18
7160,11.68
7161,12.32
7162,13.15
7163,14.53
7164,15.81
7165,16.78
7166,17.12
7167,17.09
7168,16.16
7169,14.90
7170,13.99
7171,13.22
7172,12.78
7173,12.50
7174,12.26
7175,12.08
7176,12.26
7177,12.32
7178,12.54
7179,12.55
7180,12.53
7181,12.47
7182,12.38
7183,12.30
7184,12.35
7185,12.41
7186,12.75
7187,13.73
7188,14.00
7189,15.37
7190,15.22
7191,14.27
7192,13.78
7193,13.51
7194,13.05
7195,12.66
7196,12.06
7197,11.75
7198,11.77
7199,11.84
7200,11.45
7201,11.28
7202,10.74
7203,10.44
7204,10.36
7205,10.32
7206,10.29
7207,10.49
7208,11.04
7209,11.87
7210,12.31
7211,13.68
7212,14.14
7213,14.19
7214,15.12
7215,15.33
7216,14.35
7217,13.40
7218,12.74
7219,12.35
7220,12.07
7221,12.01
7222,11.56
7223,11.17
7224,10.78
7225,10.40
7226,9.99
7227,9.65
7228,9.15
7229,8.85
7230,8.91
7231,9.03
7232,8.99
7233,9.38
7234,9.91
7235,9.87
7236,9.11
7237,9.11
7238,8.63
7239,8.19
7240,8.22
7241,7.41
7242,6.94
7243,6.54
7244,5.04
7245,4.57
7246,5.08
7247,5.54
7248,5.66
7249,5.63
7250,5.61
7251,5.60
7252,5.59
7253,5.58
7254,5.54
7255,5.46
7256,5.45
7257,5.77
7258,6.06
7259,5.89
7260,6.38
7261,7.45
7262,7.62
7263,7.24
7264,6.41
7265,4.86
7266,3.95
7267,3.52
7268,3.25
7269,3.15
7270,3.13
7271,3.06
7272,2.81
7273,2.24
7274,1.37
7275,0.77
7276,0.34
7277,0.09
7278,-0.08
7279,-0.18
7280,-0.11
7281,0.39
7282,2.09
7283,4.26
7284,5.94
7285,7.02
7286,7.45
7287,7.24
7288,6.32
7289,4.95
7290,4.04
7291,3.60
7292,3.42
7293,3.48
7294,3.05
7295,2.26
7296,1.97
7297,1.65
7298,1.59
7299,1.39
7300,1.23
7301,1.00
7302,0.87
7303,0.80
7304,0.92
7305,2.11
7306,4.04
7307,5.97
7308,7.64
7309,8.72
7310,9.20
7311,9.05
7312,8.30
7313,6.93
7314,6.09
7315,5.68
7316,5.45
7317,5.33
7318,5.22
7319,5.06
7320,5.03
7321,5.43
7322,5.79
7323,6.14
7324,6.67
7325,7.20
7326,7.61
7327,7.56
7328,7.72
7329,8.00
7330,8.33
7331,8.58
7332,9.03
7333,9.39
7334,9.61
7335,9.73
7336,9.81
7337,9.77
7338,9.57
7339,9.01
7340,8.25
7341,7.56
7342,6.99
7343,6.67
7344,6.35
7345,6.14
7346,5.95
7347,5.66
7348,5.37
7349,5.15
7350,4.86
7351,5.19
7352,5.45
7353,5.68
7354,5.15
7355,5.98
7356,6.13
7357,6.28
7358,6.11
7359,4.49
7360,4.14
7361,4.19
7362,4.11
7363,3.89
7364,3.50
7365,2.98
7366,3.08
7367,3.22
7368,2.73
7369,3.11
7370,3.16
7371,3.39
7372,3.63
7373,3.82
7374,3.63
7375,3.47
7376,3.70
7377,4.46
7378,5.26
7379,6.44
7380,7.12
7381,7.18
7382,7.00
7383,7.06
7384,7.12
7385,7.22
7386,7.19
7387,6.97
7388,6.95
7389,7.01
7390,7.09
7391,7.07
7392,7.03
7393,6.99
7394,7.02
7395,6.88
7396,5.56
7397,4.50
7398,4.19
7399,3.92
7400,3.80
7401,4.07
7402,4.57
7403,5.06
7404,5.08
7405,4.66
7406,4.37
7407,4.42
7408,4.48
7409,4.03
7410,3.81
7411,3.29
7412,2.72
7413,2.93
7414,3.93
7415,4.33
7416,3.92
7417,3.50
7418,3.61
7419,4.04
7420,4.39
7421,4.70
7422,4.84
7423,4.90
7424,5.11
7425,5.53
7426,5.86
7427,6.11
7428,6.19
7429,6.26
7430,6.30
7431,6.34
7432,6.33
7433,6.33
7434,6.37
7435,6.47
7436,6.63
7437,6.84
7438,7.30
7439,9.65
7440,10.21
7441,10.49
7442,10.70
7443,10.80
7444,10.63
7445,10.53
7446,10.45
7447,10.46
7448,10.53
7449,10.58
7450,10.61
7451,10.69
7452,11.35
7453,11.51
7454,11.47
7455,11.49
7456,11.36
7457,11.29
7458,11.19
7459,11.22
7460,11.08
7461,10.93
7462,10.98
7463,11.08
7464,11.06
7465,10.72
7466,10.47
7467,10.56
7468,10.59
7469,10.65
7470,10.66
7471,10.46
7472,10.14
7473,9.96
7474,9.93
7475,10.00
7476,10.00
7477,10.15
7478,10.33
7479,10.48
7480,10.69
7481,10.78
7482,10.84
7483,10.95
7484,10.93
7485,10.44
7486,9.21
7487,7.73
7488,6.67
7489,6.00
7490,5.67
7491,5.57
7492,5.57
7493,5.64
7494,5.70
7495,5.74
7496,5.67
7497,6.20
7498,6.59
7499,6.46
7500,6.17
7501,5.79
7502,6.00
7503,5.60
7504,5.23
7505,4.85
7506,4.58
7507,4.38
7508,3.36
7509,3.73
7510,3.97
7511,4.32
7512,4.68
7513,5.06
7514,5.20
7515,5.25
7516,5.15
7517,4.66
7518,4.48
7519,4.08
7520,4.13
7521,4.50
7522,4.92
7523,4.47
7524,3.59
7525,3.00
7526,2.53
7527,2.71
7528,3.03
7529,2.86
7530,2.85
7531,3.17
7532,3.09
7533,2.83
7534,2.73
7535,2.65
7536,2.56
7537,2.44
7538,2.34
7539,2.09
7540,2.31
7541,2.40
7542,2.42
7543,2.10
7544,1.24
7545,1.64
7546,3.05
7547,4.39
7548,4.61
7549,4.55
7550,4.55
7551,4.29
7552,3.84
7553,3.34
7554,1.82
7555,0.93
7556,0.61
7557,0.43
7558,0.24
7559,-0.16
7560,-0.60
7561,-0.80
7562,-0.88
7563,-0.93
7564,-0.97
7565,-0.98
7566,-1.01
7567,-1.08
7568,-1.16
7569,-0.71
7570,-0.09
7571,0.24
7572,1.94
7573,2.39
7574,3.27
7575,3.29
7576,2.54
7577,2.06
7578,2.02
7579,1.93
7580,1.58
7581,1.44
7582,1.49
7583,0.37
7584,0.13
7585,0.12
7586,0.21
7587,0.23
7588,0.23
7589,0.23
7590,0.32
7591,0.39
7592,0.46
7593,0.51
7594,1.03
7595,1.68
7596,2.46
7597,3.19
7598,3.52
7599,3.75
7600,3.73
7601,2.71
7602,1.86
7603,1.03
7604,0.35
7605,-0.01
7606,-0.34
7607,-0.56
7608,-0.70
7609,-0.86
7610,-1.16
7611,-1.38
7612,-1.50
7613,-1.62
7614,-1.64
7615,-1.67
7616,-1.70
7617,-1.50
7618,-1.13
7619,-0.78
7620,-0.63
7621,-0.56
7622,-0.28
7623,-0.06
7624,-0.05
7625,-0.12
7626,-0.16
7627,-0.25
7628,-0.35
7629,-0.43
7630,-0.45
7631,-0.50
7632,-0.55
7633,-0.61
7634,-0.71
7635,-0.72
7636,-0.72
7637,-0.73
7638,-0.72
7639,-0.63
7640,-0.47
7641,-0.28
7642,-0.08
7643,0.56
7644,1.31
7645,1.67
7646,2.00
7647,1.99
7648,1.94
7649,1.67
7650,1.58
7651,0.95
7652,0.51
7653,0.78
7654,1.07
7655,1.13
7656,1.14
7657,1.11
7658,1.11
7659,1.11
7660,1.19
7661,1.28
7662,1.35
7663,1.42
7664,1.48
7665,1.98
7666,2.85
7667,3.50
7668,3.93
7669,4.08
7670,4.12
7671,4.13
7672,3.89
7673,3.59
7674,3.56
7675,3.53
7676,3.52
7677,3.42
7678,3.39
7679,3.37
7680,3.39
7681,3.36
7682,3.34
7683,3.32
7684,3.18
7685,2.89
7686,2.74
7687,2.63
7688,2.61
7689,2.87
7690,3.06
7691,3.20
7692,3.34
7693,3.46
7694,3.60
7695,3.54
7696,3.24
7697,2.90
7698,2.70
7699,2.53
7700,2.39
7701,2.30
7702,2.26
7703,2.18
7704,1.62
7705,0.69
7706,0.41
7707,0.19
7708,-0.06
7709,-0.34
7710,-0.49
7711,-0.54
7712,-0.40
7713,0.10
7714,0.62
7715,2.98
7716,4.66
7717,5.72
7718,6.22
7719,6.05
7720,5.13
7721,4.08
7722,3.68
7723,3.54
7724,3.29
7725,3.08
7726,2.87
7727,2.61
7728,2.22
7729,2.03
7730,2.21
7731,2.07
7732,1.81
7733,1.54
7734,1.33
7735,1.16
7736,0.99
7737,0.96
7738,1.99
7739,3.31
7740,4.40
7741,5.04
7742,5.17
7743,4.93
7744,4.26
7745,3.56
7746,3.33
7747,3.16
7748,3.02
7749,2.77
7750,2.31
7751,1.79
7752,0.69
7753,0.04
7754,0.03
7755,-0.04
7756,-0.11
7757,-0.20
7758,-0.29
7759,-0.36
7760,-0.45
7761,-0.34
7762,-0.28
7763,-0.28
7764,-0.30
7765,-0.31
7766,-0.34
7767,-0.36
7768,-0.41
7769,-0.61
7770,-0.64
7771,-0.68
7772,-0.78
7773,-0.82
7774,-0.84
7775,-0.84
7776,-0.88
7777,-0.90
7778,-0.85
7779,-0.81
7780,-0.72
7781,-0.64
7782,-0.56
7783,-0.43
7784,-0.37
7785,-0.23
7786,-0.20
7787,-0.18
7788,-0.17
7789,-0.16
7790,-0.15
7791,-0.15
7792,-0.18
7793,-0.56
7794,-0.51
7795,-0.45
7796,-0.37
7797,-0.36
7798,-0.30
7799,-0.28
7800,-0.28
7801,-0.28
7802,-0.26
7803,-0.25
7804,-0.25
7805,-0.25
7806,-0.24
7807,-0.23
7808,-0.20
7809,-0.10
7810,-0.09
7811,-0.06
7812,0.00
7813,0.12
7814,0.24
7815,0.37
7816,0.45
7817,0.76
7818,0.87
7819,0.87
7820,0.87
7821,0.88
7822,0.91
7823,0.93
7824,0.94
7825,0.91
7826,0.81
7827,0.66
7828,0.51
7829,0.40
7830,0.37
7831,0.38
7832,0.41
7833,0.58
7834,0.87
7835,1.30
7836,2.01
7837,2.82
7838,3.36
7839,3.39
7840,2.39
7841,1.52
7842,1.01
7843,0.51
7844,0.13
7845,-0.14
7846,-0.18
7847,0.00
7848,0.30
7849,0.60
7850,0.88
7851,1.03
7852,1.17
7853,1.24
7854,1.28
7855,1.31
7856,1.29
7857,1.34
7858,1.47
7859,1.75
7860,2.01
7861,2.24
7862,2.28
7863,2.05
7864,1.37
7865,1.00
7866,0.50
7867,0.25
7868,0.09
7869,-0.21
7870,-0.48
7871,-1.45
7872,-1.59
7873,-1.94
7874,-2.19
7875,-2.29
7876,-2.43
7877,-2.46
7878,-2.54
7879,-2.47
7880,-2.38
7881,-2.30
7882,-2.21
7883,-2.08
7884,-1.99
7885,-2.12
7886,-2.61
7887,-2.87
7888,-3.18
7889,-4.36
7890,-4.70
7891,-4.97
7892,-5.12
7893,-5.19
7894,-5.25
7895,-5.44
7896,-5.64
7897,-5.86
7898,-6.11
7899,-6.33
7900,-6.52
7901,-6.69
7902,-6.79
7903,-6.58
7904,-5.77
7905,-5.28
7906,-4.54
7907,-3.74
7908,-3.11
7909,-2.87
7910,-2.86
7911,-2.97
7912,-3.25
7913,-3.92
7914,-4.19
7915,-4.14
7916,-4.31
7917,-4.56
7918,-4.68
7919,-5.20
7920,-5.50
7921,-5.82
7922,-6.09
7923,-6.32
7924,-6.52
7925,-6.70
7926,-6.99
7927,-7.37
7928,-7.62
7929,-7.44
7930,-6.60
7931,-5.50
7932,-4.60
7933,-4.01
7934,-3.76
7935,-3.93
7936,-4.59
7937,-5.25
7938,-5.55
7939,-5.90
7940,-6.13
7941,-6.34
7942,-6.44
7943,-6.49
7944,-6.12
7945,-5.35
7946,-4.80
7947,-4.57
7948,-4.56
7949,-4.52
7950,-4.42
7951,-4.26
7952,-4.07
7953,-3.80
7954,-3.41
7955,-3.06
7956,-2.57
7957,-1.83
7958,-1.71
7959,-1.64
7960,-1.56
7961,-1.47
7962,-1.23
7963,-1.11
7964,-1.13
7965,-1.12
7966,-1.04
7967,-0.95
7968,-0.84
7969,-0.73
7970,-0.73
7971,-0.79
7972,-0.85
7973,-0.87
7974,-0.94
7975,-0.90
7976,-0.88
7977,-0.82
7978,-0.49
7979,-0.25
7980,0.06
7981,0.14
7982,0.07
7983,0.13
7984,0.05
7985,-0.03
7986,-0.09
7987,-0.10
7988,-0.09
7989,-0.03
7990,0.03
7991,0.04
7992,-0.04
7993,-0.11
7994,-0.09
7995,-0.08
7996,-0.20
7997,-0.74
7998,-1.09
7999,-0.90
8000,-0.75
8001,-0.54
8002,-0.27
8003,-0.24
8004,-0.24
8005,-0.20
8006,-0.16
8007,-0.23
8008,-0.83
8009,-1.39
8010,-1.40
8011,-1.15
8012,-1.00
8013,-0.83
8014,-0.58
8015,-0.51
8016,-0.45
8017,-0.39
8018,-0.34
8019,-0.30
8020,-0.28
8021,-0.28
8022,-0.30
8023,-0.27
8024,-0.26
8025,-0.20
8026,-0.17
8027,-0.16
8028,-0.14
8029,-0.06
8030,0.05
8031,0.13
8032,0.14
8033,-0.03
8034,-0.34
8035,-0.45
8036,-0.16
8037,-0.20
8038,-0.20
8039,-0.17
8040,-0.11
8041,-0.04
8042,0.00
8043,0.02
8044,0.02
8045,0.02
8046,-0.01
8047,-0.05
8048,-0.07
8049,-0.02
8050,0.07
8051,0.14
8052,0.40
8053,0.48
8054,0.28
8055,0.00
8056,-0.19
8057,-0.31
8058,-0.51
8059,-1.33
8060,-1.80
8061,-2.16
8062,-2.48
8063,-2.86
8064,-3.05
8065,-3.35
8066,-3.80
8067,-4.21
8068,-4.53
8069,-4.80
8070,-5.07
8071,-5.32
8072,-5.54
8073,-5.44
8074,-4.70
8075,-3.61
8076,-2.74
8077,-2.18
8078,-2.00
8079,-2.47
8080,-3.31
8081,-4.08
8082,-4.40
8083,-4.62
8084,-4.71
8085,-4.75
8086,-4.77
8087,-4.83
8088,-4.94
8089,-4.95
8090,-5.12
8091,-5.29
8092,-5.46
8093,-5.60
8094,-5.64
8095,-5.71
8096,-5.85
8097,-5.78
8098,-5.23
8099,-4.05
8100,-3.39
8101,-3.34
8102,-3.30
8103,-3.53
8104,-3.84
8105,-4.08
8106,-4.62
8107,-5.39
8108,-5.61
8109,-5.64
8110,-4.92
8111,-3.92
8112,-3.48
8113,-3.15
8114,-2.89
8115,-2.68
8116,-2.46
8117,-2.26
8118,-2.09
8119,-1.96
8120,-1.82
8121,-1.57
8122,-1.15
8123,-0.64
8124,-0.34
8125,-0.19
8126,-0.09
8127,-0.07
8128,-0.14
8129,-0.21
8130,-0.24
8131,-0.30
8132,-0.36
8133,-0.35
8134,-0.13
8135,0.03
8136,-0.06
8137,-0.29
8138,-0.75
8139,-1.30
8140,-1.67
8141,-1.94
8142,-2.13
8143,-2.37
8144,-2.83
8145,-2.97
8146,-2.75
8147,-2.65
8148,-2.96
8149,-3.35
8150,-3.62
8151,-3.73
8152,-3.88
8153,-3.95
8154,-4.04
8155,-4.16
8156,-4.35
8157,-4.59
8158,-4.79
8159,-4.89
8160,-4.96
8161,-5.03
8162,-5.12
8163,-5.24
8164,-5.31
8165,-5.44
8166,-5.57
8167,-5.73
8168,-5.66
8169,-5.45
8170,-4.76
8171,-3.89
8172,-3.17
8173,-2.47
8174,-1.85
8175,-1.39
8176,-1.15
8177,-1.22
8178,-1.10
8179,-0.97
8180,-0.84
8181,-0.69
8182,-0.59
8183,-0.59
8184,-0.64
8185,-0.60
8186,-0.50
8187,-0.40
8188,-0.33
8189,-0.27
8190,-0.21
8191,-0.14
8192,-0.06
8193,0.05
8194,0.12
8195,0.15
8196,0.18
8197,0.21
8198,0.21
8199,0.23
8200,0.13
8201,0.17
8202,0.22
8203,0.29
8204,0.31
8205,0.33
8206,0.36
8207,0.37
8208,0.40
8209,0.40
8210,0.10
8211,-0.11
8212,-0.26
8213,-0.30
8214,-0.38
8215,-0.44
8216,-0.53
8217,-0.44
8218,-0.10
8219,0.29
8220,0.32
8221,0.34
8222,0.36
8223,0.36
8224,0.08
8225,-0.23
8226,-0.35
8227,-0.18
8228,0.06
8229,0.20
8230,0.35
8231,0.50
8232,0.63
8233,0.71
8234,0.83
8235,0.96
8236,1.16
8237,1.60
8238,1.97
8239,2.14
8240,2.22
8241,1.79
8242,1.46
8243,1.23
8244,1.13
8245,1.11
8246,1.05
8247,1.07
8248,1.12
8249,1.06
8250,1.02
8251,0.96
8252,0.74
8253,0.65
8254,0.79
8255,0.73
8256,0.66
8257,0.59
8258,0.54
8259,0.50
8260,0.45
8261,0.40
8262,0.32
8263,0.25
8264,0.21
8265,0.18
8266,0.27
8267,0.14
8268,0.08
8269,0.09
8270,0.18
8271,0.25
8272,0.00
8273,-0.24
8274,-0.44
8275,-0.80
8276,-1.07
8277,-1.24
8278,-1.39
8279,-1.55
8280,-1.72
8281,-1.91
8282,-2.09
8283,-2.25
8284,-2.39
8285,-2.50
8286,-2.59
8287,-2.67
8288,-2.75
8289,-2.69
8290,-2.03
8291,-1.03
8292,-0.21
8293,0.20
8294,0.43
8295,0.35
8296,-0.23
8297,-0.60
8298,-0.95
8299,-1.34
8300,-1.38
8301,-1.32
8302,-1.98
8303,-2.08
8304,-2.11
8305,-2.06
8306,-2.07
8307,-2.54
8308,-2.71
8309,-2.71
8310,-2.86
8311,-2.95
8312,-3.07
8313,-3.05
8314,-2.41
8315,-1.39
8316,-0.51
8317,-0.07
8318,0.16
8319,0.02
8320,-0.61
8321,-1.23
8322,-1.56
8323,-1.88
8324,-2.10
8325,-2.18
8326,-2.32
8327,-2.70
8328,-2.65
8329,-3.08
8330,-3.22
8331,-3.36
8332,-3.41
8333,-3.32
8334,-3.16
8335,-2.73
8336,-3.18
8337,-3.02
8338,-2.56
8339,-1.50
8340,-0.54
8341,-0.30
8342,-0.05
8343,0.02
8344,-0.10
8345,-0.19
8346,-0.14
8347,-0.06
8348,-0.04
8349,-0.04
8350,-0.05
8351,-0.09
8352,-0.15
8353,-0.24
8354,-0.38
8355,-0.55
8356,-0.67
8357,-1.10
8358,-2.03
8359,-2.14
8360,-2.05
8361,-1.65
8362,-0.81
8363,-0.11
8364,0.27
8365,0.71
8366,0.87
8367,0.79
8368,0.82
8369,0.77
8370,0.77
8371,0.79
8372,0.78
8373,0.83
8374,0.88
8375,0.78
8376,0.58
8377,0.64
8378,0.36
8379,0.46
8380,0.75
8381,0.87
8382,0.95
8383,1.09
8384,1.17
8385,1.72
8386,1.94
8387,1.96
8388,2.76
8389,3.25
8390,3.19
8391,3.40
8392,2.60
8393,2.65
8394,2.66
8395,2.69
8396,2.85
8397,2.47
8398,2.50
8399,1.74
8400,1.67
8401,1.84
8402,1.86
8403,2.23
8404,2.06
8405,2.23
8406,2.09
8407,2.10
8408,1.55
8409,1.47
8410,1.37
8411,1.95
8412,3.04
8413,3.68
8414,3.70
8415,3.03
8416,2.08
8417,1.56
8418,1.39
8419,1.13
8420,1.06
8421,1.15
8422,0.87
8423,0.75
8424,0.67
8425,0.56
8426,0.46
8427,0.54
8428,0.32
8429,0.05
8430,-0.17
8431,-0.42
8432,-0.47
8433,-0.43
8434,-0.19
8435,0.20
8436,0.52
8437,1.58
8438,1.71
8439,1.58
8440,1.03
8441,0.77
8442,0.59
8443,0.45
8444,0.25
8445,0.15
8446,0.32
8447,0.52
8448,0.49
8449,0.29
8450,0.16
8451,0.00
8452,-0.20
8453,-0.35
8454,-0.09
8455,0.16
8456,0.41
8457,0.56
8458,0.86
8459,2.07
8460,2.70
8461,3.16
8462,3.95
8463,4.06
8464,3.65
8465,3.17
8466,2.88
8467,2.75
8468,2.71
8469,2.43
8470,2.04
8471,1.78
8472,1.71
8473,1.78
8474,1.90
8475,1.95
8476,2.06
8477,2.11
8478,1.96
8479,1.91
8480,1.90
8481,1.93
8482,2.31
8483,2.98
8484,3.42
8485,3.60
8486,3.58
8487,3.23
8488,2.08
8489,0.92
8490,0.64
8491,0.43
8492,0.10
8493,-0.28
8494,-0.53
8495,-0.67
8496,-0.75
8497,-0.85
8498,-0.98
8499,-1.17
8500,-1.41
8501,-1.69
8502,-1.91
8503,-2.08
8504,-2.18
8505,-2.17
8506,-1.55
8507,-0.67
8508,-0.02
8509,0.33
8510,0.48
8511,0.66
8512,0.65
8513,0.69
8514,0.93
8515,0.96
8516,0.86
8517,1.10
8518,1.09
8519,1.38
8520,2.11
8521,2.18
8522,2.04
8523,1.95
8524,2.16
8525,2.52
8526,2.78
8527,2.72
8528,2.67
8529,2.67
8530,2.97
8531,3.43
8532,3.80
8533,4.00
8534,4.03
8535,4.15
8536,3.72
8537,3.52
8538,3.52
8539,3.70
8540,3.93
8541,4.06
8542,4.12
8543,4.22
8544,4.34
8545,4.49
8546,4.65
8547,4.72
8548,4.70
8549,4.67
8550,4.56
8551,4.41
8552,4.26
8553,4.13
8554,4.29
8555,4.76
8556,5.39
8557,5.77
8558,5.78
8559,5.52
8560,4.43
8561,3.18
8562,2.64
8563,2.47
8564,2.27
8565,1.91
8566,1.66
8567,1.53
8568,1.54
8569,1.43
8570,1.15
8571,1.10
8572,0.86
8573,0.98
8574,0.85
8575,1.08
8576,1.11
8577,1.05
8578,1.03
8579,2.12
8580,3.24
8581,4.12
8582,4.57
8583,4.41
8584,3.67
8585,3.42
8586,3.39
8587,3.33
8588,3.24
8589,3.10
8590,3.04
8591,3.21
8592,3.33
8593,3.33
8594,3.42
8595,3.49
8596,3.46
8597,3.44
8598,3.42
8599,3.41
8600,3.33
8601,3.39
8602,3.83
8603,4.41
8604,5.05
8605,5.62
8606,5.82
8607,5.54
8608,5.08
8609,4.70
8610,4.44
8611,4.30
8612,4.13
8613,3.88
8614,3.65
8615,3.52
8616,3.52
8617,3.39
8618,3.32
8619,3.30
8620,3.24
8621,3.20
8622,3.14
8623,3.05
8624,2.95
8625,2.93
8626,3.24
8627,3.68
8628,4.11
8629,4.36
8630,4.36
8631,4.18
8632,3.92
8633,3.61
8634,3.47
8635,3.35
8636,3.25
8637,3.17
8638,3.00
8639,2.81
8640,2.53
8641,2.01
8642,1.42
8643,0.67
8644,0.46
8645,0.39
8646,0.36
8647,0.36
8648,0.34
8649,0.16
8650,0.11
8651,0.33
8652,1.33
8653,2.49
8654,2.78
8655,2.40
8656,1.55
8657,0.86
8658,1.14
8659,1.44
8660,1.89
8661,2.70
8662,2.99
8663,2.97
8664,2.52
8665,2.48
8666,2.43
8667,2.56
8668,2.74
8669,3.04
8670,3.13
8671,3.27
8672,3.23
8673,3.34
8674,3.71
8675,4.15
8676,4.49
8677,5.16
8678,5.79
8679,6.04
8680,5.78
8681,5.38
8682,5.17
8683,4.97
8684,4.79
8685,4.61
8686,4.40
8687,4.10
8688,3.81
8689,3.54
8690,3.30
8691,3.23
8692,3.23
8693,3.33
8694,3.31
8695,1.86
8696,1.73
8697,2.40
8698,2.50
8699,2.85
8700,3.34
8701,3.15
8702,3.40
8703,3.47
8704,2.73
8705,2.07
8706,2.13
8707,2.34
8708,2.19
8709,1.73
8710,1.28
8711,0.96
8712,0.65
8713,0.44
8714,0.06
8715,-0.03
8716,-0.34
8717,-0.88
8718,-1.12
8719,-1.26
8720,-1.37
8721,-1.45
8722,-1.08
8723,-0.56
8724,-0.10
8725,0.05
8726,0.13
8727,0.13
8728,0.11
8729,-0.37
8730,-0.99
8731,-1.25
8732,-1.48
8733,-1.75
8734,-2.04
8735,-2.28
8736,-2.47
8737,-2.60
8738,-2.49
8739,-2.09
8740,-1.68
8741,-1.37
8742,-1.16
8743,-0.99
8744,-0.90
8745,-1.03
8746,-0.61
8747,-0.05
8748,0.37
8749,1.16
8750,1.44
8751,0.86
8752,0.53
8753,0.29
8754,-0.36
8755,-0.81
8756,-1.05
8757,-1.36
8758,-1.65
8759,-1.79
8760,-1.85
